customer_id,group,country,team_interest,fixture,avg_minutes_watched,total_minutes_viewed,return_sessions,view_date
V00001,Bahrain,Target,Senegal,Group Stage,151.8,379.5,2.5,2026-06-01
V00002,Kuwait,Target,Morocco,Final,648.7,8368.2,12.9,2026-06-22
V00003,Jordan,Target,Brazil,Group Stage,201.1,683.7,3.4,2026-06-04
V00004,Oman,Target,Saudi Arabia,Group Stage,379.5,2087.2,5.5,2026-06-04
V00005,Saudi Arabia,Target,UAE,Quarter Final,558.2,3405.0,6.1,2026-06-13
V00006,Oman,Target,Jordan,Semi Final,226.9,1179.9,5.2,2026-06-10
V00007,Saudi Arabia,Target,Egypt,Group Stage,256.1,1306.1,5.1,2026-06-05
V00008,Kuwait,Control,Egypt,Round of 16,353.2,1094.9,3.1,2026-06-07
V00009,Jordan,Target,Saudi Arabia,Quarter Final,301.1,1836.7,6.1,2026-06-22
V00010,Kuwait,Target,Qatar,Final,562.0,5395.2,9.6,2026-06-18
V00011,Egypt,Target,Argentina,Group Stage,364.6,1239.6,3.4,2026-06-06
V00012,Saudi Arabia,Target,Qatar,Semi Final,557.5,4961.8,8.9,2026-06-30
V00013,Oman,Target,Egypt,Semi Final,362.2,2716.5,7.5,2026-06-24
V00014,Egypt,Target,France,Quarter Final,413.0,1734.6,4.2,2026-06-22
V00015,Jordan,Target,Jordan,Round of 16,341.8,1367.2,4.0,2026-06-11
V00016,Oman,Target,Morocco,Semi Final,605.7,5209.0,8.6,2026-06-02
V00017,Kuwait,Target,Morocco,Quarter Final,348.5,2439.5,7.0,2026-06-21
V00018,Egypt,Target,Egypt,Quarter Final,324.0,2365.2,7.3,2026-06-04
V00019,Oman,Target,Brazil,Quarter Final,345.9,345.9,1,2026-06-28
V00020,Egypt,Target,Qatar,Semi Final,471.4,3394.1,7.2,2026-06-14
V00021,UAE,Control,Morocco,Round of 16,322.6,1903.3,5.9,2026-06-14
V00022,Saudi Arabia,Target,France,Final,882.2,4499.2,5.1,2026-06-06
V00023,Oman,Target,Qatar,Group Stage,245.1,1348.0,5.5,2026-06-11
V00024,Qatar,Target,UAE,Semi Final,473.2,5063.2,10.7,2026-06-16
V00025,Saudi Arabia,Target,Brazil,Group Stage,195.6,978.0,5.0,2026-06-13
V00026,Oman,Target,Argentina,Semi Final,532.2,1011.2,1.9,2026-06-30
V00027,UAE,Control,Qatar,Round of 16,315.6,852.1,2.7,2026-06-13
V00028,Bahrain,Target,Jordan,Group Stage,215.0,623.5,2.9,2026-06-04
V00029,Saudi Arabia,Target,France,Quarter Final,289.6,1766.6,6.1,2026-06-30
V00030,Kuwait,Target,Morocco,Final,392.3,2314.6,5.9,2026-06-21
V00031,Jordan,Target,France,Final,581.6,7560.8,13.0,2026-06-24
V00032,Oman,Target,Argentina,Round of 16,182.9,731.6,4.0,2026-06-11
V00033,Kuwait,Target,Egypt,Final,553.1,1714.6,3.1,2026-06-15
V00034,Oman,Target,Brazil,Group Stage,315.3,945.9,3.0,2026-06-30
V00035,Oman,Control,Argentina,Group Stage,335.7,705.0,2.1,2026-06-09
V00036,Kuwait,Control,UAE,Round of 16,131.9,646.3,4.9,2026-06-17
V00037,UAE,Target,Qatar,Group Stage,323.1,1777.1,5.5,2026-06-04
V00038,UAE,Target,Brazil,Semi Final,621.8,3855.2,6.2,2026-06-01
V00039,Saudi Arabia,Target,Brazil,Final,508.5,3610.3,7.1,2026-06-02
V00040,Kuwait,Target,France,Semi Final,678.9,4209.2,6.2,2026-06-03
V00041,Kuwait,Target,France,Group Stage,300.8,782.1,2.6,2026-06-22
V00042,Kuwait,Target,Senegal,Group Stage,287.3,976.8,3.4,2026-06-03
V00043,Saudi Arabia,Target,France,Round of 16,529.1,740.7,1.4,2026-06-11
V00044,Kuwait,Target,Senegal,Group Stage,168.5,505.5,3.0,2026-06-04
V00045,UAE,Target,Jordan,Group Stage,347.3,1007.2,2.9,2026-06-03
V00046,Kuwait,Control,France,Semi Final,452.7,3666.9,8.1,2026-06-07
V00047,Kuwait,Target,Brazil,Semi Final,422.0,2827.4,6.7,2026-06-23
V00048,Saudi Arabia,Target,France,Quarter Final,855.7,4449.6,5.2,2026-06-12
V00049,Jordan,Target,Qatar,Group Stage,203.4,366.1,1.8,2026-06-16
V00050,Qatar,Target,Morocco,Group Stage,262.1,1179.5,4.5,2026-06-22
V00051,Qatar,Control,Qatar,Semi Final,283.8,1532.5,5.4,2026-06-14
V00052,Bahrain,Target,Jordan,Round of 16,325.8,2085.1,6.4,2026-06-03
V00053,Bahrain,Target,Morocco,Final,894.4,7691.8,8.6,2026-06-07
V00054,Kuwait,Target,UAE,Semi Final,546.6,3334.3,6.1,2026-06-07
V00055,Saudi Arabia,Target,Qatar,Group Stage,259.8,1247.0,4.8,2026-06-28
V00056,UAE,Target,UAE,Quarter Final,308.9,2131.4,6.9,2026-06-26
V00057,Egypt,Control,Brazil,Semi Final,383.0,1761.8,4.6,2026-06-25
V00058,Saudi Arabia,Target,Egypt,Final,311.2,2240.6,7.2,2026-06-25
V00059,Jordan,Control,Jordan,Group Stage,273.0,546.0,2.0,2026-06-24
V00060,Oman,Target,Argentina,Group Stage,111.8,547.8,4.9,2026-06-26
V00061,UAE,Target,Senegal,Quarter Final,443.9,1198.5,2.7,2026-06-07
V00062,UAE,Target,Qatar,Final,363.1,3304.2,9.1,2026-06-24
V00063,Egypt,Target,UAE,Semi Final,246.3,2192.1,8.9,2026-06-20
V00064,Saudi Arabia,Target,Morocco,Quarter Final,578.5,5958.6,10.3,2026-06-06
V00065,Qatar,Target,Jordan,Quarter Final,578.8,578.8,1,2026-06-28
V00066,Qatar,Control,Qatar,Group Stage,126.1,214.4,1.7,2026-06-01
V00067,Jordan,Target,Morocco,Group Stage,413.9,1945.3,4.7,2026-06-09
V00068,UAE,Target,Egypt,Quarter Final,320.9,2791.8,8.7,2026-06-02
V00069,Oman,Target,UAE,Group Stage,425.5,1234.0,2.9,2026-06-15
V00070,Saudi Arabia,Target,France,Semi Final,597.0,5850.6,9.8,2026-06-14
V00071,Egypt,Target,Jordan,Group Stage,463.2,1621.2,3.5,2026-06-01
V00072,Jordan,Control,Qatar,Round of 16,264.2,924.7,3.5,2026-06-07
V00073,Jordan,Target,Senegal,Group Stage,261.4,731.9,2.8,2026-06-13
V00074,Oman,Target,Egypt,Group Stage,295.7,1064.5,3.6,2026-06-25
V00075,Egypt,Target,Senegal,Round of 16,449.8,2518.9,5.6,2026-06-01
V00076,Saudi Arabia,Target,Argentina,Final,600.3,5102.5,8.5,2026-06-26
V00077,Saudi Arabia,Target,Argentina,Round of 16,352.4,1444.8,4.1,2026-06-15
V00078,Qatar,Target,Morocco,Round of 16,245.8,1130.7,4.6,2026-06-29
V00079,UAE,Target,Argentina,Round of 16,402.9,2054.8,5.1,2026-06-30
V00080,Jordan,Target,Morocco,Semi Final,647.6,5763.6,8.9,2026-06-16
V00081,Saudi Arabia,Target,UAE,Round of 16,112.5,787.5,7.0,2026-06-10
V00082,Jordan,Control,Egypt,Round of 16,255.7,946.1,3.7,2026-06-06
V00083,Egypt,Control,UAE,Group Stage,324.6,1330.9,4.1,2026-06-19
V00084,Jordan,Target,Argentina,Semi Final,587.3,3465.1,5.9,2026-06-14
V00085,Kuwait,Target,Qatar,Round of 16,325.5,1757.7,5.4,2026-06-24
V00086,Saudi Arabia,Control,Egypt,Quarter Final,552.1,1877.1,3.4,2026-06-04
V00087,Bahrain,Target,Morocco,Group Stage,272.2,979.9,3.6,2026-06-30
V00088,UAE,Target,Senegal,Final,1075.1,3010.3,2.8,2026-06-26
V00089,Bahrain,Target,France,Semi Final,626.3,1503.1,2.4,2026-06-07
V00090,Oman,Target,Saudi Arabia,Group Stage,218.7,743.6,3.4,2026-06-24
V00091,Egypt,Target,France,Group Stage,292.0,1051.2,3.6,2026-06-28
V00092,Qatar,Target,UAE,Group Stage,400.3,1721.3,4.3,2026-06-27
V00093,Egypt,Target,Egypt,Round of 16,414.1,414.1,1,2026-06-14
V00094,Jordan,Target,Saudi Arabia,Final,758.0,7428.4,9.8,2026-06-09
V00095,Bahrain,Target,Saudi Arabia,Round of 16,447.4,2371.2,5.3,2026-06-24
V00096,Qatar,Control,Jordan,Quarter Final,412.5,1650.0,4.0,2026-06-01
V00097,Bahrain,Target,UAE,Semi Final,352.0,2569.6,7.3,2026-06-17
V00098,UAE,Target,Morocco,Semi Final,599.4,4315.7,7.2,2026-06-13
V00099,Qatar,Control,Egypt,Semi Final,500.1,3700.7,7.4,2026-06-25
V00100,Oman,Target,Brazil,Group Stage,217.4,1000.0,4.6,2026-06-27
V00101,UAE,Control,France,Semi Final,296.6,1423.7,4.8,2026-06-30
V00102,Jordan,Target,Qatar,Semi Final,629.5,5413.7,8.6,2026-06-03
V00103,UAE,Target,Morocco,Quarter Final,617.6,4817.3,7.8,2026-06-11
V00104,Qatar,Target,UAE,Round of 16,414.6,2114.5,5.1,2026-06-01
V00105,UAE,Target,Jordan,Round of 16,346.9,2220.2,6.4,2026-06-19
V00106,Jordan,Target,UAE,Semi Final,420.1,2982.7,7.1,2026-06-05
V00107,Jordan,Control,Saudi Arabia,Round of 16,234.8,469.6,2.0,2026-06-30
V00108,Qatar,Target,France,Semi Final,356.9,1677.4,4.7,2026-06-29
V00109,Bahrain,Target,France,Quarter Final,386.3,2279.2,5.9,2026-06-05
V00110,Oman,Target,Jordan,Round of 16,344.4,1825.3,5.3,2026-06-15
V00111,Saudi Arabia,Target,Morocco,Round of 16,133.3,200.0,1.5,2026-06-23
V00112,Kuwait,Target,Morocco,Semi Final,779.8,5146.7,6.6,2026-06-12
V00113,Saudi Arabia,Target,Senegal,Group Stage,311.3,1027.3,3.3,2026-06-09
V00114,Bahrain,Target,Saudi Arabia,Group Stage,302.2,1239.0,4.1,2026-06-03
V00115,Qatar,Target,Egypt,Final,578.6,1330.8,2.3,2026-06-05
V00116,Saudi Arabia,Target,UAE,Final,648.2,5120.8,7.9,2026-06-11
V00117,Egypt,Control,UAE,Quarter Final,352.7,1693.0,4.8,2026-06-29
V00118,Qatar,Control,Senegal,Round of 16,359.9,863.8,2.4,2026-06-20
V00119,UAE,Target,Saudi Arabia,Quarter Final,249.4,1421.6,5.7,2026-06-24
V00120,Jordan,Target,Egypt,Quarter Final,462.6,3932.1,8.5,2026-06-14
V00121,Qatar,Target,Jordan,Group Stage,281.5,985.2,3.5,2026-06-13
V00122,Oman,Control,France,Semi Final,537.0,1396.2,2.6,2026-06-23
V00123,Bahrain,Control,Egypt,Quarter Final,669.8,2612.2,3.9,2026-06-14
V00124,Oman,Target,UAE,Final,523.6,5445.4,10.4,2026-06-02
V00125,Egypt,Target,Saudi Arabia,Semi Final,612.9,4290.3,7.0,2026-06-16
V00126,Jordan,Control,Egypt,Round of 16,243.5,998.3,4.1,2026-06-24
V00127,Bahrain,Control,Senegal,Final,490.2,3529.4,7.2,2026-06-14
V00128,Jordan,Target,Jordan,Round of 16,265.9,1914.5,7.2,2026-06-22
V00129,Jordan,Control,Morocco,Group Stage,316.6,1076.4,3.4,2026-06-18
V00130,UAE,Target,Argentina,Round of 16,495.9,2330.7,4.7,2026-06-22
V00131,Jordan,Target,France,Round of 16,333.0,1065.6,3.2,2026-06-18
V00132,Saudi Arabia,Control,Senegal,Quarter Final,396.3,1704.1,4.3,2026-06-02
V00133,Qatar,Target,Jordan,Quarter Final,481.3,4572.4,9.5,2026-06-08
V00134,Saudi Arabia,Target,Senegal,Group Stage,236.0,1203.6,5.1,2026-06-08
V00135,Oman,Target,France,Semi Final,549.8,4508.4,8.2,2026-06-07
V00136,UAE,Target,France,Final,315.3,1229.7,3.9,2026-06-09
V00137,Saudi Arabia,Control,Qatar,Quarter Final,437.8,1401.0,3.2,2026-06-23
V00138,Oman,Target,Brazil,Semi Final,503.7,2266.7,4.5,2026-06-29
V00139,Bahrain,Control,Egypt,Quarter Final,302.5,635.2,2.1,2026-06-17
V00140,Jordan,Target,UAE,Semi Final,582.3,2853.3,4.9,2026-06-04
V00141,UAE,Target,Argentina,Quarter Final,500.3,3802.3,7.6,2026-06-30
V00142,Qatar,Target,Argentina,Final,652.7,3589.9,5.5,2026-06-02
V00143,Egypt,Target,Senegal,Group Stage,193.6,909.9,4.7,2026-06-16
V00144,Qatar,Target,Qatar,Final,872.3,4884.9,5.6,2026-06-16
V00145,UAE,Target,Argentina,Quarter Final,509.4,2903.6,5.7,2026-06-04
V00146,Saudi Arabia,Target,UAE,Final,914.4,8503.9,9.3,2026-06-15
V00147,Saudi Arabia,Target,UAE,Quarter Final,499.2,4492.8,9.0,2026-06-06
V00148,Qatar,Control,Morocco,Semi Final,200.6,702.1,3.5,2026-06-13
V00149,Kuwait,Control,UAE,Semi Final,432.0,2160.0,5.0,2026-06-12
V00150,UAE,Target,Morocco,Round of 16,117.5,352.5,3.0,2026-06-29
V00151,Qatar,Target,Saudi Arabia,Group Stage,398.0,636.8,1.6,2026-06-01
V00152,Oman,Control,Qatar,Round of 16,120.5,771.2,6.4,2026-06-25
V00153,Jordan,Control,Egypt,Quarter Final,481.8,1108.1,2.3,2026-06-28
V00154,Egypt,Target,UAE,Final,710.6,3766.2,5.3,2026-06-30
V00155,UAE,Target,Brazil,Group Stage,294.4,765.4,2.6,2026-06-12
V00156,UAE,Target,Jordan,Final,879.5,7563.7,8.6,2026-06-08
V00157,Kuwait,Target,France,Group Stage,365.1,1716.0,4.7,2026-06-09
V00158,Oman,Target,Egypt,Semi Final,278.6,2117.4,7.6,2026-06-04
V00159,Kuwait,Target,France,Quarter Final,386.7,3248.3,8.4,2026-06-25
V00160,UAE,Control,Argentina,Quarter Final,384.8,1423.8,3.7,2026-06-16
V00161,UAE,Target,UAE,Round of 16,176.2,1374.4,7.8,2026-06-20
V00162,Oman,Target,Senegal,Group Stage,359.4,2084.5,5.8,2026-06-12
V00163,Jordan,Target,Argentina,Semi Final,622.5,4980.0,8.0,2026-06-07
V00164,Saudi Arabia,Control,Argentina,Group Stage,141.3,579.3,4.1,2026-06-21
V00165,Egypt,Target,Saudi Arabia,Round of 16,486.1,2819.4,5.8,2026-06-25
V00166,Qatar,Control,UAE,Group Stage,260.3,442.5,1.7,2026-06-06
V00167,Bahrain,Target,Brazil,Round of 16,275.0,2007.5,7.3,2026-06-05
V00168,Oman,Target,France,Quarter Final,585.6,3279.4,5.6,2026-06-15
V00169,Bahrain,Target,Egypt,Semi Final,857.4,5315.9,6.2,2026-06-07
V00170,Bahrain,Target,Egypt,Quarter Final,385.3,2119.2,5.5,2026-06-27
V00171,Oman,Target,Senegal,Group Stage,339.5,916.7,2.7,2026-06-19
V00172,Egypt,Target,Jordan,Quarter Final,457.0,1919.4,4.2,2026-06-17
V00173,Qatar,Target,Brazil,Semi Final,502.9,804.6,1.6,2026-06-14
V00174,Jordan,Target,Jordan,Round of 16,293.2,703.7,2.4,2026-06-16
V00175,Oman,Target,Jordan,Quarter Final,412.3,3504.6,8.5,2026-06-01
V00176,Egypt,Control,France,Quarter Final,377.6,1888.0,5.0,2026-06-27
V00177,Qatar,Target,Qatar,Round of 16,467.5,2290.8,4.9,2026-06-04
V00178,UAE,Target,Argentina,Quarter Final,375.9,1766.7,4.7,2026-06-04
V00179,Bahrain,Target,UAE,Round of 16,251.5,880.2,3.5,2026-06-18
V00180,Bahrain,Target,Qatar,Group Stage,160.1,1008.6,6.3,2026-06-01
V00181,Egypt,Target,Egypt,Round of 16,426.1,2386.2,5.6,2026-06-19
V00182,Saudi Arabia,Target,UAE,Round of 16,355.5,1244.2,3.5,2026-06-18
V00183,Saudi Arabia,Control,Argentina,Semi Final,651.4,2084.5,3.2,2026-06-03
V00184,Bahrain,Control,Argentina,Group Stage,336.3,538.1,1.6,2026-06-07
V00185,Egypt,Target,Argentina,Round of 16,372.9,2461.1,6.6,2026-06-28
V00186,Oman,Target,UAE,Semi Final,441.2,3529.6,8.0,2026-06-19
V00187,Saudi Arabia,Target,Jordan,Quarter Final,715.6,5510.1,7.7,2026-06-18
V00188,Kuwait,Target,Brazil,Round of 16,360.9,1299.2,3.6,2026-06-25
V00189,Oman,Target,Morocco,Round of 16,401.1,1724.7,4.3,2026-06-02
V00190,Jordan,Control,Brazil,Semi Final,701.1,4487.0,6.4,2026-06-21
V00191,Kuwait,Control,Argentina,Round of 16,230.3,737.0,3.2,2026-06-09
V00192,Kuwait,Target,Saudi Arabia,Final,790.9,4824.5,6.1,2026-06-16
V00193,Kuwait,Target,Saudi Arabia,Round of 16,400.0,1840.0,4.6,2026-06-27
V00194,Qatar,Target,Egypt,Round of 16,421.9,717.2,1.7,2026-06-29
V00195,Egypt,Target,UAE,Quarter Final,183.9,845.9,4.6,2026-06-06
V00196,Kuwait,Control,Qatar,Round of 16,381.6,2213.3,5.8,2026-06-05
V00197,Kuwait,Control,Jordan,Quarter Final,389.6,1597.4,4.1,2026-06-11
V00198,Jordan,Target,Saudi Arabia,Round of 16,481.9,1686.6,3.5,2026-06-10
V00199,Egypt,Target,Qatar,Round of 16,408.8,1798.7,4.4,2026-06-19
V00200,Bahrain,Target,France,Group Stage,209.8,1174.9,5.6,2026-06-04
V00201,Qatar,Control,UAE,Quarter Final,513.5,3286.4,6.4,2026-06-25
V00202,Bahrain,Target,Brazil,Final,276.9,1079.9,3.9,2026-06-16
V00203,Bahrain,Target,Argentina,Semi Final,453.4,4534.0,10.0,2026-06-13
V00204,Qatar,Target,UAE,Group Stage,122.5,367.5,3.0,2026-06-04
V00205,Qatar,Target,Argentina,Group Stage,266.3,905.4,3.4,2026-06-05
V00206,Bahrain,Control,UAE,Semi Final,334.1,2773.0,8.3,2026-06-09
V00207,Bahrain,Target,Egypt,Group Stage,345.5,1105.6,3.2,2026-06-01
V00208,Saudi Arabia,Target,Egypt,Final,695.7,4452.5,6.4,2026-06-06
V00209,UAE,Target,Qatar,Quarter Final,368.3,2835.9,7.7,2026-06-05
V00210,UAE,Target,Morocco,Quarter Final,474.9,4559.0,9.6,2026-06-30
V00211,Oman,Target,UAE,Semi Final,495.5,3072.1,6.2,2026-06-05
V00212,Qatar,Control,France,Final,527.9,5437.4,10.3,2026-06-23
V00213,UAE,Target,Saudi Arabia,Quarter Final,430.8,1680.1,3.9,2026-06-13
V00214,Egypt,Control,Qatar,Round of 16,46.0,64.4,1.4,2026-06-28
V00215,Saudi Arabia,Target,Argentina,Final,380.7,1066.0,2.8,2026-06-11
V00216,Kuwait,Target,France,Round of 16,472.2,1463.8,3.1,2026-06-14
V00217,Oman,Target,Egypt,Group Stage,278.9,808.8,2.9,2026-06-25
V00218,Qatar,Target,Qatar,Quarter Final,457.9,2243.7,4.9,2026-06-06
V00219,Qatar,Target,Jordan,Group Stage,278.6,696.5,2.5,2026-06-30
V00220,Bahrain,Target,UAE,Semi Final,624.1,5492.1,8.8,2026-06-06
V00221,Saudi Arabia,Target,Egypt,Round of 16,355.7,2240.9,6.3,2026-06-20
V00222,Saudi Arabia,Target,Brazil,Semi Final,310.0,2821.0,9.1,2026-06-13
V00223,Saudi Arabia,Target,Jordan,Group Stage,335.8,1074.6,3.2,2026-06-27
V00224,Jordan,Target,Saudi Arabia,Round of 16,362.1,1701.9,4.7,2026-06-08
V00225,Kuwait,Target,France,Final,715.6,6440.4,9.0,2026-06-19
V00226,Egypt,Target,Saudi Arabia,Group Stage,271.0,1056.9,3.9,2026-06-22
V00227,Saudi Arabia,Target,UAE,Semi Final,705.0,7120.5,10.1,2026-06-16
V00228,Bahrain,Control,Senegal,Quarter Final,417.9,2340.2,5.6,2026-06-19
V00229,Kuwait,Target,Egypt,Round of 16,386.8,2243.4,5.8,2026-06-28
V00230,Egypt,Target,Qatar,Round of 16,391.8,1723.9,4.4,2026-06-09
V00231,Jordan,Target,Senegal,Quarter Final,469.2,3190.6,6.8,2026-06-29
V00232,Jordan,Target,Qatar,Semi Final,662.3,6358.1,9.6,2026-06-16
V00233,Bahrain,Control,Saudi Arabia,Semi Final,459.2,1836.8,4.0,2026-06-20
V00234,Saudi Arabia,Control,Senegal,Group Stage,69.7,216.1,3.1,2026-06-01
V00235,UAE,Control,Argentina,Final,392.2,1843.3,4.7,2026-06-29
V00236,Qatar,Target,Qatar,Semi Final,409.3,4461.4,10.9,2026-06-08
V00237,Jordan,Target,Jordan,Round of 16,253.0,1265.0,5.0,2026-06-01
V00238,Qatar,Target,UAE,Final,575.7,5181.3,9.0,2026-06-18
V00239,Saudi Arabia,Target,Argentina,Round of 16,421.6,2487.4,5.9,2026-06-01
V00240,Saudi Arabia,Target,Qatar,Final,768.8,4612.8,6.0,2026-06-09
V00241,Qatar,Target,UAE,Round of 16,279.1,2009.5,7.2,2026-06-19
V00242,Egypt,Target,Morocco,Quarter Final,434.1,2474.4,5.7,2026-06-14
V00243,UAE,Target,Argentina,Final,793.5,5871.9,7.4,2026-06-13
V00244,Bahrain,Target,Argentina,Quarter Final,516.5,2582.5,5.0,2026-06-22
V00245,Bahrain,Target,Senegal,Final,1016.2,5690.7,5.6,2026-06-10
V00246,UAE,Target,France,Final,232.7,1303.1,5.6,2026-06-23
V00247,Qatar,Target,Morocco,Group Stage,268.5,751.8,2.8,2026-06-27
V00248,Bahrain,Target,Qatar,Quarter Final,207.8,1828.6,8.8,2026-06-08
V00249,Egypt,Target,Senegal,Final,493.3,4193.1,8.5,2026-06-22
V00250,Egypt,Target,Senegal,Semi Final,409.3,1187.0,2.9,2026-06-06
V00251,Qatar,Target,Argentina,Final,444.2,2265.4,5.1,2026-06-15
V00252,Bahrain,Target,France,Quarter Final,318.6,923.9,2.9,2026-06-07
V00253,Bahrain,Target,Egypt,Final,502.2,1707.5,3.4,2026-06-13
V00254,Saudi Arabia,Target,Jordan,Quarter Final,613.4,1901.5,3.1,2026-06-05
V00255,UAE,Target,Saudi Arabia,Quarter Final,375.0,1612.5,4.3,2026-06-18
V00256,Bahrain,Target,Argentina,Group Stage,254.8,1146.6,4.5,2026-06-13
V00257,Qatar,Target,Saudi Arabia,Semi Final,649.2,7595.6,11.7,2026-06-17
V00258,UAE,Target,Brazil,Final,820.0,5658.0,6.9,2026-06-11
V00259,Egypt,Target,Qatar,Semi Final,812.4,7555.3,9.3,2026-06-27
V00260,Jordan,Target,Egypt,Semi Final,436.4,2967.5,6.8,2026-06-18
V00261,Egypt,Control,Morocco,Round of 16,404.5,1334.8,3.3,2026-06-01
V00262,UAE,Target,Brazil,Final,895.9,7256.8,8.1,2026-06-03
V00263,Kuwait,Control,Argentina,Round of 16,371.8,1226.9,3.3,2026-06-09
V00264,Egypt,Target,France,Quarter Final,366.4,1648.8,4.5,2026-06-28
V00265,UAE,Target,France,Group Stage,220.3,969.3,4.4,2026-06-13
V00266,Jordan,Target,Morocco,Quarter Final,612.2,2877.3,4.7,2026-06-30
V00267,Saudi Arabia,Target,UAE,Final,919.9,6163.3,6.7,2026-06-03
V00268,Kuwait,Target,Argentina,Group Stage,310.2,1178.8,3.8,2026-06-21
V00269,Jordan,Target,Saudi Arabia,Round of 16,464.8,2556.4,5.5,2026-06-28
V00270,UAE,Target,Senegal,Round of 16,226.6,974.4,4.3,2026-06-28
V00271,Jordan,Control,France,Quarter Final,380.6,1484.3,3.9,2026-06-17
V00272,Kuwait,Control,Egypt,Semi Final,373.9,1533.0,4.1,2026-06-30
V00273,UAE,Target,Senegal,Group Stage,319.8,1439.1,4.5,2026-06-02
V00274,Qatar,Control,Qatar,Final,556.8,3340.8,6.0,2026-06-30
V00275,Bahrain,Target,UAE,Quarter Final,449.0,3592.0,8.0,2026-06-06
V00276,Jordan,Target,France,Semi Final,532.5,3727.5,7.0,2026-06-26
V00277,Qatar,Target,Jordan,Round of 16,323.5,1779.2,5.5,2026-06-08
V00278,Oman,Target,Saudi Arabia,Round of 16,288.7,1385.8,4.8,2026-06-30
V00279,Saudi Arabia,Target,Senegal,Semi Final,843.5,5988.8,7.1,2026-06-05
V00280,Jordan,Target,Jordan,Round of 16,334.4,1036.6,3.1,2026-06-18
V00281,Oman,Target,UAE,Group Stage,473.1,1513.9,3.2,2026-06-29
V00282,Qatar,Target,Brazil,Semi Final,637.5,4972.5,7.8,2026-06-13
V00283,Bahrain,Target,Qatar,Round of 16,365.5,1937.1,5.3,2026-06-25
V00284,Bahrain,Target,Morocco,Round of 16,326.1,2119.7,6.5,2026-06-28
V00285,Qatar,Target,Saudi Arabia,Quarter Final,483.0,4347.0,9.0,2026-06-19
V00286,Qatar,Target,Senegal,Semi Final,749.1,6367.4,8.5,2026-06-06
V00287,Egypt,Control,Senegal,Final,923.8,5265.7,5.7,2026-06-05
V00288,Egypt,Target,France,Semi Final,643.2,3666.2,5.7,2026-06-15
V00289,Qatar,Target,Senegal,Group Stage,266.3,1118.5,4.2,2026-06-28
V00290,Jordan,Control,Qatar,Group Stage,182.9,786.5,4.3,2026-06-20
V00291,UAE,Target,Egypt,Semi Final,505.9,3490.7,6.9,2026-06-21
V00292,Oman,Control,Egypt,Final,463.7,463.7,1,2026-06-21
V00293,Egypt,Control,UAE,Final,555.0,3774.0,6.8,2026-06-19
V00294,Oman,Target,France,Semi Final,682.0,6615.4,9.7,2026-06-27
V00295,Bahrain,Target,Egypt,Quarter Final,602.2,3191.7,5.3,2026-06-02
V00296,Qatar,Target,Qatar,Group Stage,197.8,652.7,3.3,2026-06-26
V00297,UAE,Target,UAE,Final,836.7,5856.9,7.0,2026-06-27
V00298,Saudi Arabia,Target,Jordan,Semi Final,214.7,1374.1,6.4,2026-06-08
V00299,Saudi Arabia,Target,Senegal,Semi Final,699.5,6785.1,9.7,2026-06-05
V00300,Jordan,Control,Saudi Arabia,Quarter Final,358.3,2687.2,7.5,2026-06-06
V00301,Kuwait,Target,Morocco,Round of 16,241.5,1159.2,4.8,2026-06-02
V00302,Oman,Target,Qatar,Round of 16,634.1,4248.5,6.7,2026-06-03
V00303,Qatar,Control,Egypt,Quarter Final,461.9,970.0,2.1,2026-06-19
V00304,Egypt,Target,Qatar,Round of 16,318.0,1749.0,5.5,2026-06-28
V00305,Jordan,Target,Argentina,Quarter Final,432.1,2592.6,6.0,2026-06-15
V00306,Bahrain,Control,Qatar,Quarter Final,674.1,2831.2,4.2,2026-06-16
V00307,Bahrain,Target,Brazil,Group Stage,339.2,746.2,2.2,2026-06-28
V00308,Kuwait,Target,Qatar,Round of 16,421.9,1392.3,3.3,2026-06-07
V00309,Jordan,Target,Morocco,Final,661.8,3573.7,5.4,2026-06-03
V00310,UAE,Target,Argentina,Quarter Final,414.7,3815.2,9.2,2026-06-20
V00311,UAE,Control,Saudi Arabia,Semi Final,408.0,2080.8,5.1,2026-06-29
V00312,Saudi Arabia,Target,Jordan,Quarter Final,479.5,3596.2,7.5,2026-06-20
V00313,Qatar,Target,France,Group Stage,234.1,515.0,2.2,2026-06-24
V00314,Saudi Arabia,Target,Jordan,Final,356.6,2745.8,7.7,2026-06-24
V00315,Saudi Arabia,Target,France,Final,745.0,6630.5,8.9,2026-06-03
V00316,Bahrain,Target,Senegal,Final,622.2,6533.1,10.5,2026-06-05
V00317,Egypt,Target,Qatar,Final,826.9,6780.6,8.2,2026-06-17
V00318,Saudi Arabia,Target,Senegal,Semi Final,789.7,6475.5,8.2,2026-06-02
V00319,Qatar,Target,Morocco,Final,641.2,4937.2,7.7,2026-06-21
V00320,Jordan,Control,Morocco,Group Stage,248.9,1120.0,4.5,2026-06-04
V00321,UAE,Target,UAE,Final,555.8,4946.6,8.9,2026-06-06
V00322,UAE,Target,Senegal,Group Stage,268.8,1505.3,5.6,2026-06-05
V00323,Saudi Arabia,Target,Brazil,Semi Final,506.1,2429.3,4.8,2026-06-09
V00324,Jordan,Target,Saudi Arabia,Final,473.2,2318.7,4.9,2026-06-07
V00325,UAE,Target,Morocco,Quarter Final,425.6,2681.3,6.3,2026-06-08
V00326,Jordan,Target,Argentina,Semi Final,609.1,4141.9,6.8,2026-06-23
V00327,Bahrain,Control,Jordan,Round of 16,333.2,1199.5,3.6,2026-06-10
V00328,Saudi Arabia,Target,Argentina,Final,693.0,5682.6,8.2,2026-06-02
V00329,Kuwait,Control,Saudi Arabia,Semi Final,411.2,3084.0,7.5,2026-06-12
V00330,Saudi Arabia,Target,France,Group Stage,248.7,721.2,2.9,2026-06-19
V00331,UAE,Target,Qatar,Final,662.2,6158.5,9.3,2026-06-08
V00332,Saudi Arabia,Target,Egypt,Group Stage,236.0,778.8,3.3,2026-06-15
V00333,Kuwait,Target,Brazil,Quarter Final,475.5,3138.3,6.6,2026-06-13
V00334,Saudi Arabia,Target,France,Semi Final,825.6,7513.0,9.1,2026-06-16
V00335,Jordan,Target,UAE,Quarter Final,579.0,3242.4,5.6,2026-06-24
V00336,Jordan,Target,Jordan,Round of 16,285.3,1398.0,4.9,2026-06-23
V00337,Bahrain,Target,Jordan,Final,762.3,10977.1,14.4,2026-06-13
V00338,Bahrain,Target,Egypt,Final,620.7,3786.3,6.1,2026-06-02
V00339,Kuwait,Target,Senegal,Group Stage,274.3,1618.4,5.9,2026-06-05
V00340,Jordan,Target,Saudi Arabia,Semi Final,725.0,5655.0,7.8,2026-06-29
V00341,Bahrain,Target,Qatar,Quarter Final,469.0,2298.1,4.9,2026-06-12
V00342,Egypt,Target,Morocco,Semi Final,621.0,6644.7,10.7,2026-06-26
V00343,UAE,Target,Saudi Arabia,Quarter Final,282.6,1497.8,5.3,2026-06-10
V00344,UAE,Target,Brazil,Quarter Final,360.7,2957.7,8.2,2026-06-09
V00345,Kuwait,Target,Jordan,Semi Final,420.8,2651.0,6.3,2026-06-24
V00346,UAE,Target,France,Final,461.9,3464.2,7.5,2026-06-23
V00347,Bahrain,Target,Senegal,Quarter Final,382.9,2756.9,7.2,2026-06-23
V00348,Oman,Target,France,Semi Final,233.2,2471.9,10.6,2026-06-25
V00349,Qatar,Control,Argentina,Semi Final,420.5,1976.4,4.7,2026-06-26
V00350,UAE,Target,Egypt,Group Stage,205.1,574.3,2.8,2026-06-27
V00351,Qatar,Target,Brazil,Semi Final,558.7,6480.9,11.6,2026-06-13
V00352,Jordan,Target,Egypt,Final,801.6,6172.3,7.7,2026-06-30
V00353,Oman,Target,Brazil,Round of 16,393.8,2677.8,6.8,2026-06-23
V00354,Qatar,Target,France,Quarter Final,408.9,2126.3,5.2,2026-06-19
V00355,UAE,Target,Saudi Arabia,Group Stage,250.6,977.3,3.9,2026-06-09
V00356,Jordan,Target,UAE,Semi Final,430.6,2153.0,5.0,2026-06-01
V00357,Oman,Target,Jordan,Group Stage,246.1,1230.5,5.0,2026-06-02
V00358,Oman,Target,Brazil,Final,589.5,3890.7,6.6,2026-06-01
V00359,Bahrain,Target,Qatar,Round of 16,356.0,1602.0,4.5,2026-06-24
V00360,Qatar,Control,Argentina,Semi Final,352.3,1867.2,5.3,2026-06-24
V00361,Saudi Arabia,Control,Senegal,Quarter Final,372.9,1305.1,3.5,2026-06-18
V00362,Kuwait,Target,Senegal,Group Stage,254.8,1274.0,5.0,2026-06-05
V00363,Jordan,Target,Saudi Arabia,Semi Final,521.1,3022.4,5.8,2026-06-09
V00364,Saudi Arabia,Target,Senegal,Semi Final,530.3,2651.5,5.0,2026-06-05
V00365,Kuwait,Target,Saudi Arabia,Semi Final,501.1,3607.9,7.2,2026-06-07
V00366,Kuwait,Target,Senegal,Quarter Final,621.2,3106.0,5.0,2026-06-11
V00367,Oman,Target,Qatar,Group Stage,232.5,906.8,3.9,2026-06-22
V00368,Oman,Target,France,Quarter Final,502.5,2010.0,4.0,2026-06-23
V00369,Bahrain,Target,Brazil,Quarter Final,442.7,2656.2,6.0,2026-06-22
V00370,Egypt,Target,Senegal,Semi Final,542.0,4986.4,9.2,2026-06-09
V00371,Bahrain,Target,Morocco,Round of 16,371.9,1078.5,2.9,2026-06-21
V00372,UAE,Target,Morocco,Quarter Final,320.9,1347.8,4.2,2026-06-01
V00373,UAE,Target,Argentina,Semi Final,553.7,553.7,1,2026-06-07
V00374,Jordan,Control,UAE,Round of 16,366.0,366.0,1,2026-06-15
V00375,Oman,Target,France,Final,226.6,1654.2,7.3,2026-06-21
V00376,Oman,Target,France,Quarter Final,582.4,3727.4,6.4,2026-06-24
V00377,Egypt,Target,UAE,Final,510.0,3519.0,6.9,2026-06-20
V00378,Jordan,Target,Jordan,Final,432.2,4365.2,10.1,2026-06-13
V00379,Egypt,Control,France,Round of 16,511.7,1535.1,3.0,2026-06-07
V00380,Bahrain,Control,Saudi Arabia,Final,791.5,5857.1,7.4,2026-06-05
V00381,Saudi Arabia,Target,Jordan,Quarter Final,646.2,2714.0,4.2,2026-06-09
V00382,Kuwait,Target,France,Semi Final,415.9,4408.5,10.6,2026-06-04
V00383,Qatar,Target,Senegal,Quarter Final,498.7,2942.3,5.9,2026-06-26
V00384,Bahrain,Control,Egypt,Quarter Final,304.0,881.6,2.9,2026-06-11
V00385,UAE,Target,UAE,Quarter Final,448.4,4170.1,9.3,2026-06-10
V00386,Saudi Arabia,Target,Qatar,Round of 16,158.0,616.2,3.9,2026-06-25
V00387,Egypt,Control,Argentina,Group Stage,231.2,369.9,1.6,2026-06-02
V00388,Jordan,Control,UAE,Round of 16,382.8,957.0,2.5,2026-06-26
V00389,Kuwait,Target,France,Final,673.0,4576.4,6.8,2026-06-09
V00390,UAE,Target,Brazil,Group Stage,192.1,614.7,3.2,2026-06-20
V00391,Oman,Control,Brazil,Semi Final,545.8,3438.5,6.3,2026-06-04
V00392,Egypt,Target,Brazil,Quarter Final,376.9,2186.0,5.8,2026-06-12
V00393,Bahrain,Target,Argentina,Quarter Final,721.0,3965.5,5.5,2026-06-21
V00394,Egypt,Target,Saudi Arabia,Quarter Final,302.1,1329.2,4.4,2026-06-14
V00395,Saudi Arabia,Target,Brazil,Quarter Final,457.4,3659.2,8.0,2026-06-08
V00396,UAE,Target,France,Final,723.2,6002.6,8.3,2026-06-28
V00397,Saudi Arabia,Target,UAE,Round of 16,434.7,2303.9,5.3,2026-06-16
V00398,Jordan,Target,Argentina,Quarter Final,191.7,555.9,2.9,2026-06-17
V00399,Bahrain,Target,France,Round of 16,426.7,2645.5,6.2,2026-06-20
V00400,Kuwait,Target,France,Semi Final,428.5,1456.9,3.4,2026-06-06
V00401,Egypt,Target,Qatar,Round of 16,500.2,2250.9,4.5,2026-06-18
V00402,Bahrain,Target,UAE,Round of 16,169.7,967.3,5.7,2026-06-04
V00403,Oman,Target,Saudi Arabia,Semi Final,282.6,2995.6,10.6,2026-06-30
V00404,UAE,Target,France,Group Stage,183.7,698.1,3.8,2026-06-13
V00405,Kuwait,Control,Brazil,Quarter Final,240.4,1394.3,5.8,2026-06-30
V00406,Qatar,Target,Argentina,Round of 16,387.3,2594.9,6.7,2026-06-19
V00407,Saudi Arabia,Control,Egypt,Round of 16,99.1,406.3,4.1,2026-06-26
V00408,Bahrain,Target,UAE,Final,508.3,3253.1,6.4,2026-06-26
V00409,Oman,Control,Brazil,Quarter Final,361.8,1338.7,3.7,2026-06-11
V00410,Kuwait,Target,France,Group Stage,451.9,1672.0,3.7,2026-06-02
V00411,Oman,Target,Argentina,Final,807.6,8076.0,10.0,2026-06-18
V00412,Jordan,Target,Brazil,Semi Final,640.9,6665.4,10.4,2026-06-17
V00413,Oman,Target,France,Group Stage,429.7,601.6,1.4,2026-06-05
V00414,Egypt,Target,Morocco,Round of 16,495.9,2876.2,5.8,2026-06-28
V00415,Kuwait,Target,France,Final,980.1,11761.2,12.0,2026-06-21
V00416,Bahrain,Control,Morocco,Final,471.5,943.0,2.0,2026-06-01
V00417,Bahrain,Target,Brazil,Group Stage,306.5,1011.4,3.3,2026-06-25
V00418,Qatar,Target,Egypt,Semi Final,222.8,1359.1,6.1,2026-06-17
V00419,Bahrain,Target,Brazil,Semi Final,615.8,3879.5,6.3,2026-06-11
V00420,Oman,Target,Senegal,Final,766.4,2299.2,3.0,2026-06-12
V00421,Oman,Target,Argentina,Semi Final,509.8,4486.2,8.8,2026-06-29
V00422,Egypt,Target,Jordan,Quarter Final,341.1,1330.3,3.9,2026-06-29
V00423,Saudi Arabia,Target,Morocco,Final,416.8,3501.1,8.4,2026-06-09
V00424,Jordan,Target,UAE,Quarter Final,563.9,2988.7,5.3,2026-06-03
V00425,Jordan,Control,Saudi Arabia,Group Stage,246.3,246.3,1,2026-06-28
V00426,Saudi Arabia,Target,France,Semi Final,686.0,6928.6,10.1,2026-06-18
V00427,UAE,Target,Brazil,Semi Final,652.6,3263.0,5.0,2026-06-29
V00428,Qatar,Target,UAE,Quarter Final,341.8,2939.5,8.6,2026-06-19
V00429,Jordan,Target,Qatar,Semi Final,494.3,2174.9,4.4,2026-06-14
V00430,Egypt,Control,Brazil,Quarter Final,154.8,681.1,4.4,2026-06-04
V00431,Kuwait,Target,Argentina,Quarter Final,184.9,1405.2,7.6,2026-06-05
V00432,Oman,Target,France,Semi Final,747.9,4263.0,5.7,2026-06-19
V00433,UAE,Target,Jordan,Quarter Final,178.6,178.6,1,2026-06-03
V00434,Bahrain,Control,Jordan,Group Stage,115.9,255.0,2.2,2026-06-14
V00435,Bahrain,Target,Argentina,Round of 16,333.8,2637.0,7.9,2026-06-13
V00436,Qatar,Target,Jordan,Final,490.8,5055.2,10.3,2026-06-09
V00437,UAE,Target,Argentina,Group Stage,197.7,1146.7,5.8,2026-06-22
V00438,UAE,Target,France,Group Stage,180.3,252.4,1.4,2026-06-26
V00439,Jordan,Control,Argentina,Semi Final,413.6,1985.3,4.8,2026-06-07
V00440,Oman,Control,UAE,Group Stage,232.1,533.8,2.3,2026-06-18
V00441,Bahrain,Target,Qatar,Round of 16,346.5,1732.5,5.0,2026-06-21
V00442,Kuwait,Control,Saudi Arabia,Final,474.4,1375.8,2.9,2026-06-18
V00443,Egypt,Target,Argentina,Semi Final,790.2,7664.9,9.7,2026-06-03
V00444,Saudi Arabia,Target,Jordan,Semi Final,685.5,4661.4,6.8,2026-06-05
V00445,Qatar,Target,Qatar,Quarter Final,304.7,1493.0,4.9,2026-06-24
V00446,Oman,Control,France,Round of 16,384.9,885.3,2.3,2026-06-16
V00447,Oman,Target,Jordan,Round of 16,308.1,1170.8,3.8,2026-06-01
V00448,Qatar,Target,Jordan,Group Stage,144.1,634.0,4.4,2026-06-10
V00449,Qatar,Control,Senegal,Group Stage,278.3,862.7,3.1,2026-06-07
V00450,UAE,Target,Jordan,Semi Final,688.3,3785.6,5.5,2026-06-21
V00451,Qatar,Target,Argentina,Semi Final,560.2,3305.2,5.9,2026-06-01
V00452,Egypt,Control,France,Quarter Final,456.5,1917.3,4.2,2026-06-24
V00453,Egypt,Control,UAE,Quarter Final,441.8,1634.7,3.7,2026-06-06
V00454,Egypt,Target,UAE,Semi Final,503.8,806.1,1.6,2026-06-09
V00455,Bahrain,Target,Morocco,Quarter Final,440.3,1893.3,4.3,2026-06-03
V00456,UAE,Target,Brazil,Semi Final,395.5,2531.2,6.4,2026-06-05
V00457,Saudi Arabia,Target,Brazil,Quarter Final,436.7,3493.6,8.0,2026-06-17
V00458,Egypt,Target,France,Quarter Final,427.7,2609.0,6.1,2026-06-08
V00459,UAE,Target,Brazil,Group Stage,188.8,1170.6,6.2,2026-06-18
V00460,Bahrain,Target,Morocco,Group Stage,185.3,667.1,3.6,2026-06-20
V00461,Bahrain,Target,Jordan,Semi Final,492.0,4083.6,8.3,2026-06-21
V00462,Saudi Arabia,Target,Senegal,Final,585.9,3574.0,6.1,2026-06-09
V00463,Qatar,Target,Qatar,Group Stage,246.3,935.9,3.8,2026-06-17
V00464,Bahrain,Control,Jordan,Group Stage,136.0,136.0,1,2026-06-04
V00465,UAE,Target,Egypt,Group Stage,192.1,806.8,4.2,2026-06-11
V00466,Qatar,Target,Senegal,Semi Final,650.1,3770.6,5.8,2026-06-05
V00467,Qatar,Target,Saudi Arabia,Quarter Final,457.4,5351.6,11.7,2026-06-02
V00468,Kuwait,Target,Saudi Arabia,Group Stage,432.4,1556.6,3.6,2026-06-04
V00469,Egypt,Target,UAE,Round of 16,356.6,1890.0,5.3,2026-06-06
V00470,Bahrain,Control,Morocco,Round of 16,356.5,1996.4,5.6,2026-06-14
V00471,Jordan,Target,Qatar,Quarter Final,532.8,3996.0,7.5,2026-06-15
V00472,Bahrain,Target,Egypt,Quarter Final,316.3,1486.6,4.7,2026-06-02
V00473,Kuwait,Target,Argentina,Semi Final,307.2,1259.5,4.1,2026-06-18
V00474,Kuwait,Target,Argentina,Round of 16,226.9,1701.8,7.5,2026-06-13
V00475,Bahrain,Target,Jordan,Final,741.5,4819.8,6.5,2026-06-06
V00476,Kuwait,Target,France,Group Stage,214.4,600.3,2.8,2026-06-26
V00477,Kuwait,Target,Senegal,Final,636.2,4644.3,7.3,2026-06-09
V00478,Bahrain,Target,Jordan,Round of 16,310.9,2145.2,6.9,2026-06-14
V00479,Qatar,Target,Brazil,Final,789.2,4103.8,5.2,2026-06-30
V00480,Bahrain,Target,Brazil,Round of 16,312.7,2032.5,6.5,2026-06-28
V00481,Bahrain,Control,France,Round of 16,266.6,1119.7,4.2,2026-06-11
V00482,Bahrain,Target,Brazil,Group Stage,264.1,1003.6,3.8,2026-06-19
V00483,Oman,Target,Qatar,Final,341.0,1705.0,5.0,2026-06-14
V00484,UAE,Target,Qatar,Final,821.1,8211.0,10.0,2026-06-23
V00485,Oman,Target,Qatar,Group Stage,212.4,743.4,3.5,2026-06-23
V00486,Qatar,Target,Saudi Arabia,Group Stage,284.3,1677.4,5.9,2026-06-29
V00487,Saudi Arabia,Target,Egypt,Semi Final,477.6,2244.7,4.7,2026-06-10
V00488,Bahrain,Target,Brazil,Quarter Final,452.3,1899.7,4.2,2026-06-27
V00489,Qatar,Target,Egypt,Semi Final,640.1,3392.5,5.3,2026-06-27
V00490,Egypt,Target,Argentina,Round of 16,390.0,1131.0,2.9,2026-06-10
V00491,Saudi Arabia,Target,Brazil,Quarter Final,291.4,1602.7,5.5,2026-06-21
V00492,Bahrain,Target,Senegal,Quarter Final,396.9,2500.5,6.3,2026-06-01
V00493,Bahrain,Target,France,Round of 16,353.8,1945.9,5.5,2026-06-13
V00494,UAE,Target,Brazil,Group Stage,368.9,1955.2,5.3,2026-06-24
V00495,Saudi Arabia,Target,Morocco,Round of 16,364.0,2220.4,6.1,2026-06-22
V00496,Bahrain,Control,Qatar,Quarter Final,273.8,1150.0,4.2,2026-06-26
V00497,Jordan,Target,Saudi Arabia,Group Stage,326.1,815.2,2.5,2026-06-09
V00498,UAE,Target,Saudi Arabia,Quarter Final,285.8,1228.9,4.3,2026-06-01
V00499,Saudi Arabia,Control,Egypt,Group Stage,299.6,1198.4,4.0,2026-06-30
V00500,UAE,Target,France,Group Stage,290.5,871.5,3.0,2026-06-10
V00501,Qatar,Target,Qatar,Quarter Final,235.2,1434.7,6.1,2026-06-29
V00502,Qatar,Control,Qatar,Quarter Final,411.6,2469.6,6.0,2026-06-22
V00503,UAE,Target,Brazil,Group Stage,284.2,1449.4,5.1,2026-06-16
V00504,UAE,Control,Morocco,Semi Final,675.5,4796.1,7.1,2026-06-22
V00505,Jordan,Control,Saudi Arabia,Round of 16,271.3,1248.0,4.6,2026-06-30
V00506,UAE,Target,Morocco,Round of 16,442.6,1504.8,3.4,2026-06-30
V00507,Oman,Control,Morocco,Final,565.9,4527.2,8.0,2026-06-13
V00508,Jordan,Control,Qatar,Final,740.0,4810.0,6.5,2026-06-21
V00509,Oman,Target,Morocco,Semi Final,654.0,5755.2,8.8,2026-06-05
V00510,UAE,Target,Saudi Arabia,Group Stage,266.7,853.4,3.2,2026-06-14
V00511,Bahrain,Control,Egypt,Semi Final,622.7,3673.9,5.9,2026-06-11
V00512,Qatar,Target,Argentina,Quarter Final,473.0,2696.1,5.7,2026-06-24
V00513,UAE,Control,Argentina,Final,229.2,1168.9,5.1,2026-06-30
V00514,Kuwait,Target,Brazil,Quarter Final,93.8,600.3,6.4,2026-06-01
V00515,Kuwait,Target,Jordan,Semi Final,213.0,1767.9,8.3,2026-06-12
V00516,Jordan,Control,Egypt,Semi Final,356.3,1567.7,4.4,2026-06-25
V00517,Kuwait,Target,Saudi Arabia,Quarter Final,400.1,2280.6,5.7,2026-06-10
V00518,Jordan,Target,Qatar,Group Stage,372.4,1489.6,4.0,2026-06-28
V00519,Qatar,Target,France,Semi Final,497.4,3382.3,6.8,2026-06-27
V00520,Bahrain,Target,Brazil,Group Stage,182.6,182.6,1,2026-06-05
V00521,Qatar,Target,Senegal,Round of 16,395.8,3087.2,7.8,2026-06-22
V00522,Qatar,Target,Egypt,Final,642.4,5588.9,8.7,2026-06-09
V00523,Oman,Target,Egypt,Final,911.5,16680.5,18.3,2026-06-01
V00524,Jordan,Target,France,Quarter Final,221.4,1704.8,7.7,2026-06-04
V00525,UAE,Control,Jordan,Group Stage,293.9,293.9,1,2026-06-25
V00526,Oman,Control,Egypt,Final,157.9,552.6,3.5,2026-06-10
V00527,UAE,Target,Jordan,Semi Final,524.2,3669.4,7.0,2026-06-01
V00528,Qatar,Control,Saudi Arabia,Group Stage,291.6,904.0,3.1,2026-06-23
V00529,Kuwait,Target,Morocco,Final,504.4,6153.7,12.2,2026-06-30
V00530,UAE,Control,UAE,Quarter Final,232.0,1113.6,4.8,2026-06-21
V00531,Qatar,Target,Egypt,Group Stage,226.3,520.5,2.3,2026-06-13
V00532,Egypt,Target,Argentina,Final,347.6,973.3,2.8,2026-06-18
V00533,UAE,Target,Morocco,Round of 16,469.2,1407.6,3.0,2026-06-30
V00534,Egypt,Control,Senegal,Final,347.7,1703.7,4.9,2026-06-12
V00535,Oman,Target,Brazil,Final,525.6,6307.2,12.0,2026-06-19
V00536,Saudi Arabia,Control,Brazil,Semi Final,365.2,1935.6,5.3,2026-06-17
V00537,Bahrain,Target,Morocco,Group Stage,208.7,960.0,4.6,2026-06-09
V00538,Kuwait,Target,Saudi Arabia,Group Stage,243.8,1121.5,4.6,2026-06-14
V00539,UAE,Target,France,Group Stage,289.3,1244.0,4.3,2026-06-16
V00540,Bahrain,Target,Egypt,Final,682.4,4708.6,6.9,2026-06-16
V00541,Qatar,Target,Saudi Arabia,Final,631.8,6823.4,10.8,2026-06-06
V00542,Egypt,Target,Saudi Arabia,Group Stage,250.6,1177.8,4.7,2026-06-11
V00543,Kuwait,Target,Senegal,Final,764.9,7649.0,10.0,2026-06-19
V00544,Saudi Arabia,Target,Argentina,Final,607.6,4678.5,7.7,2026-06-02
V00545,Egypt,Control,Qatar,Round of 16,206.9,413.8,2.0,2026-06-12
V00546,Qatar,Control,Morocco,Quarter Final,169.5,254.2,1.5,2026-06-02
V00547,Jordan,Target,Egypt,Final,561.7,5167.6,9.2,2026-06-03
V00548,Oman,Target,Argentina,Quarter Final,660.5,3170.4,4.8,2026-06-03
V00549,Bahrain,Target,Egypt,Group Stage,230.4,1013.8,4.4,2026-06-20
V00550,Egypt,Target,Saudi Arabia,Semi Final,537.7,4086.5,7.6,2026-06-07
V00551,UAE,Control,Brazil,Round of 16,217.5,804.8,3.7,2026-06-01
V00552,Qatar,Target,Senegal,Group Stage,276.2,994.3,3.6,2026-06-07
V00553,Kuwait,Target,Argentina,Final,347.7,3094.5,8.9,2026-06-06
V00554,Kuwait,Target,Senegal,Round of 16,424.9,2761.8,6.5,2026-06-23
V00555,Oman,Target,Jordan,Quarter Final,588.1,3469.8,5.9,2026-06-20
V00556,Qatar,Target,UAE,Quarter Final,374.2,374.2,1,2026-06-13
V00557,Oman,Target,France,Group Stage,263.9,1240.3,4.7,2026-06-08
V00558,Oman,Target,Morocco,Final,508.0,6553.2,12.9,2026-06-30
V00559,UAE,Control,Argentina,Semi Final,283.8,1560.9,5.5,2026-06-06
V00560,Oman,Target,Senegal,Group Stage,357.0,1713.6,4.8,2026-06-23
V00561,Kuwait,Target,Saudi Arabia,Semi Final,407.2,1425.2,3.5,2026-06-08
V00562,UAE,Target,Senegal,Semi Final,374.1,1758.3,4.7,2026-06-27
V00563,Oman,Target,Qatar,Quarter Final,473.0,3121.8,6.6,2026-06-12
V00564,Qatar,Target,Egypt,Semi Final,589.8,2772.1,4.7,2026-06-14
V00565,Egypt,Control,Morocco,Group Stage,204.3,592.5,2.9,2026-06-01
V00566,Egypt,Target,Jordan,Round of 16,272.8,1036.6,3.8,2026-06-08
V00567,UAE,Target,UAE,Semi Final,415.0,4067.0,9.8,2026-06-20
V00568,Egypt,Target,Argentina,Final,625.5,4190.9,6.7,2026-06-22
V00569,Oman,Target,Brazil,Group Stage,318.4,987.0,3.1,2026-06-02
V00570,UAE,Target,UAE,Group Stage,318.0,572.4,1.8,2026-06-10
V00571,Qatar,Target,Qatar,Quarter Final,487.3,3021.3,6.2,2026-06-12
V00572,Egypt,Control,Qatar,Semi Final,539.2,2696.0,5.0,2026-06-13
V00573,Oman,Control,UAE,Final,354.8,2199.8,6.2,2026-06-27
V00574,Jordan,Target,Morocco,Group Stage,235.7,1390.6,5.9,2026-06-19
V00575,Qatar,Control,Senegal,Quarter Final,161.3,1016.2,6.3,2026-06-22
V00576,Saudi Arabia,Control,Egypt,Semi Final,544.1,1795.5,3.3,2026-06-24
V00577,Kuwait,Target,Brazil,Semi Final,464.8,2835.3,6.1,2026-06-05
V00578,UAE,Target,Morocco,Quarter Final,241.6,1594.6,6.6,2026-06-05
V00579,Egypt,Target,Argentina,Semi Final,276.7,1687.9,6.1,2026-06-24
V00580,Saudi Arabia,Target,Jordan,Semi Final,549.5,2527.7,4.6,2026-06-28
V00581,Jordan,Target,Saudi Arabia,Semi Final,662.7,4572.6,6.9,2026-06-10
V00582,Oman,Target,Egypt,Round of 16,453.7,3312.0,7.3,2026-06-30
V00583,Jordan,Target,Senegal,Semi Final,307.2,2703.4,8.8,2026-06-21
V00584,Egypt,Target,France,Semi Final,617.3,5494.0,8.9,2026-06-27
V00585,Qatar,Target,Saudi Arabia,Final,482.7,7240.5,15.0,2026-06-25
V00586,Egypt,Target,Qatar,Semi Final,656.6,3151.7,4.8,2026-06-17
V00587,Qatar,Control,France,Final,276.5,2267.3,8.2,2026-06-13
V00588,Saudi Arabia,Control,UAE,Final,849.3,3142.4,3.7,2026-06-01
V00589,Kuwait,Control,UAE,Final,511.7,2507.3,4.9,2026-06-20
V00590,Kuwait,Target,Morocco,Final,829.9,6639.2,8.0,2026-06-28
V00591,Saudi Arabia,Target,Jordan,Quarter Final,361.1,2708.2,7.5,2026-06-23
V00592,Saudi Arabia,Target,Saudi Arabia,Round of 16,538.8,2370.7,4.4,2026-06-24
V00593,Saudi Arabia,Target,Morocco,Group Stage,247.7,1139.4,4.6,2026-06-29
V00594,Kuwait,Target,Qatar,Quarter Final,478.9,4118.5,8.6,2026-06-07
V00595,Oman,Target,Jordan,Quarter Final,378.8,2045.5,5.4,2026-06-30
V00596,Bahrain,Target,Jordan,Semi Final,560.8,4598.6,8.2,2026-06-09
V00597,Saudi Arabia,Target,Brazil,Group Stage,361.8,1628.1,4.5,2026-06-29
V00598,Egypt,Target,Morocco,Semi Final,716.9,5950.3,8.3,2026-06-26
V00599,Bahrain,Target,Brazil,Final,294.8,2771.1,9.4,2026-06-23
V00600,Egypt,Target,Egypt,Semi Final,856.8,8311.0,9.7,2026-06-11
V00601,Egypt,Target,UAE,Quarter Final,411.9,2183.1,5.3,2026-06-23
V00602,Qatar,Target,Qatar,Quarter Final,828.6,3728.7,4.5,2026-06-25
V00603,Qatar,Target,Senegal,Semi Final,544.0,3590.4,6.6,2026-06-11
V00604,Saudi Arabia,Target,Jordan,Final,772.8,2163.8,2.8,2026-06-28
V00605,Egypt,Target,Qatar,Group Stage,319.7,1726.4,5.4,2026-06-15
V00606,Qatar,Target,Senegal,Semi Final,290.6,1394.9,4.8,2026-06-21
V00607,Kuwait,Control,Saudi Arabia,Round of 16,198.8,1133.2,5.7,2026-06-04
V00608,Egypt,Target,France,Semi Final,622.1,1555.2,2.5,2026-06-30
V00609,Oman,Target,Saudi Arabia,Semi Final,590.3,3541.8,6.0,2026-06-16
V00610,Oman,Target,Morocco,Group Stage,327.0,850.2,2.6,2026-06-24
V00611,Oman,Target,Senegal,Round of 16,460.3,2485.6,5.4,2026-06-05
V00612,UAE,Target,Egypt,Quarter Final,500.3,3452.1,6.9,2026-06-22
V00613,Saudi Arabia,Target,Argentina,Semi Final,621.3,4784.0,7.7,2026-06-23
V00614,Bahrain,Control,Brazil,Final,422.9,2241.4,5.3,2026-06-12
V00615,Bahrain,Target,Argentina,Semi Final,501.8,5018.0,10.0,2026-06-28
V00616,Egypt,Target,UAE,Group Stage,381.2,1677.3,4.4,2026-06-27
V00617,Jordan,Control,Senegal,Quarter Final,375.3,2326.9,6.2,2026-06-05
V00618,UAE,Target,UAE,Round of 16,526.2,2420.5,4.6,2026-06-10
V00619,Oman,Target,Senegal,Group Stage,306.3,857.6,2.8,2026-06-03
V00620,Kuwait,Target,Morocco,Group Stage,430.6,1937.7,4.5,2026-06-01
V00621,Saudi Arabia,Target,Jordan,Final,491.7,3687.8,7.5,2026-06-11
V00622,Oman,Control,Qatar,Round of 16,250.3,1201.4,4.8,2026-06-29
V00623,UAE,Target,Morocco,Quarter Final,297.2,1456.3,4.9,2026-06-08
V00624,Bahrain,Control,Senegal,Quarter Final,294.9,1032.1,3.5,2026-06-03
V00625,Oman,Target,Senegal,Semi Final,339.0,3390.0,10.0,2026-06-11
V00626,Jordan,Control,Brazil,Round of 16,372.9,1156.0,3.1,2026-06-26
V00627,Saudi Arabia,Target,Egypt,Group Stage,156.6,532.4,3.4,2026-06-13
V00628,Saudi Arabia,Target,Brazil,Group Stage,203.7,651.8,3.2,2026-06-29
V00629,UAE,Target,Qatar,Group Stage,351.0,842.4,2.4,2026-06-29
V00630,Bahrain,Control,Qatar,Semi Final,242.6,849.1,3.5,2026-06-03
V00631,Saudi Arabia,Target,Saudi Arabia,Final,950.2,8646.8,9.1,2026-06-15
V00632,UAE,Target,UAE,Final,752.2,6544.1,8.7,2026-06-11
V00633,Jordan,Target,France,Final,577.1,2827.8,4.9,2026-06-02
V00634,Jordan,Target,Argentina,Semi Final,431.5,3236.2,7.5,2026-06-30
V00635,Saudi Arabia,Target,Morocco,Round of 16,516.9,2222.7,4.3,2026-06-28
V00636,Jordan,Target,UAE,Semi Final,774.5,2478.4,3.2,2026-06-27
V00637,UAE,Target,Jordan,Final,916.1,5863.0,6.4,2026-06-20
V00638,Bahrain,Target,Qatar,Final,468.4,4028.2,8.6,2026-06-19
V00639,UAE,Target,Egypt,Semi Final,396.9,2381.4,6.0,2026-06-21
V00640,Saudi Arabia,Target,Morocco,Semi Final,623.6,2868.6,4.6,2026-06-16
V00641,Oman,Target,Egypt,Final,193.6,1200.3,6.2,2026-06-18
V00642,Kuwait,Target,Senegal,Round of 16,272.1,1360.5,5.0,2026-06-14
V00643,Bahrain,Target,France,Group Stage,171.7,515.1,3.0,2026-06-13
V00644,Kuwait,Target,France,Final,546.6,2295.7,4.2,2026-06-10
V00645,Egypt,Control,Brazil,Final,617.8,4386.4,7.1,2026-06-05
V00646,Bahrain,Target,Brazil,Semi Final,549.5,4505.9,8.2,2026-06-12
V00647,Saudi Arabia,Target,Morocco,Quarter Final,595.4,4763.2,8.0,2026-06-11
V00648,Oman,Target,Qatar,Final,937.8,10690.9,11.4,2026-06-12
V00649,Bahrain,Target,Morocco,Final,511.6,4553.2,8.9,2026-06-17
V00650,Bahrain,Target,Jordan,Group Stage,374.1,1459.0,3.9,2026-06-21
V00651,Qatar,Target,Argentina,Final,749.6,4722.5,6.3,2026-06-21
V00652,Egypt,Target,Egypt,Final,685.0,6165.0,9.0,2026-06-21
V00653,Saudi Arabia,Target,France,Semi Final,535.5,3641.4,6.8,2026-06-01
V00654,Bahrain,Target,Brazil,Quarter Final,474.9,3134.3,6.6,2026-06-20
V00655,Egypt,Control,France,Group Stage,94.8,426.6,4.5,2026-06-21
V00656,Egypt,Target,Egypt,Quarter Final,531.4,1062.8,2.0,2026-06-09
V00657,Oman,Target,Argentina,Quarter Final,629.5,4028.8,6.4,2026-06-23
V00658,UAE,Control,UAE,Quarter Final,222.3,1400.5,6.3,2026-06-22
V00659,Oman,Target,Senegal,Final,855.3,4704.1,5.5,2026-06-12
V00660,Egypt,Target,Morocco,Quarter Final,358.6,2689.5,7.5,2026-06-27
V00661,Bahrain,Target,France,Round of 16,263.5,606.0,2.3,2026-06-18
V00662,Egypt,Target,Jordan,Final,919.0,6984.4,7.6,2026-06-07
V00663,Bahrain,Control,UAE,Final,484.0,3678.4,7.6,2026-06-16
V00664,Kuwait,Target,Saudi Arabia,Final,692.7,5264.5,7.6,2026-06-14
V00665,Egypt,Target,UAE,Quarter Final,461.4,5306.1,11.5,2026-06-11
V00666,Saudi Arabia,Target,UAE,Quarter Final,513.3,2258.5,4.4,2026-06-18
V00667,Jordan,Target,Egypt,Group Stage,312.4,1374.6,4.4,2026-06-20
V00668,Egypt,Target,Argentina,Semi Final,621.8,7275.1,11.7,2026-06-19
V00669,Kuwait,Target,Jordan,Group Stage,267.9,1634.2,6.1,2026-06-18
V00670,Kuwait,Target,Saudi Arabia,Round of 16,301.4,843.9,2.8,2026-06-22
V00671,Qatar,Control,Morocco,Quarter Final,344.0,2029.6,5.9,2026-06-20
V00672,Jordan,Target,Qatar,Round of 16,394.3,1064.6,2.7,2026-06-03
V00673,UAE,Target,Qatar,Quarter Final,390.1,2067.5,5.3,2026-06-06
V00674,Oman,Control,Egypt,Final,283.0,2179.1,7.7,2026-06-12
V00675,UAE,Target,France,Quarter Final,300.7,1924.5,6.4,2026-06-12
V00676,Jordan,Target,Morocco,Quarter Final,329.2,1547.2,4.7,2026-06-30
V00677,UAE,Target,Jordan,Group Stage,421.2,1895.4,4.5,2026-06-12
V00678,Kuwait,Target,Qatar,Semi Final,422.9,972.7,2.3,2026-06-18
V00679,UAE,Target,Qatar,Round of 16,300.5,1532.5,5.1,2026-06-03
V00680,Kuwait,Control,Jordan,Semi Final,393.8,827.0,2.1,2026-06-09
V00681,UAE,Target,Senegal,Group Stage,187.1,729.7,3.9,2026-06-15
V00682,Bahrain,Target,Brazil,Final,751.3,5559.6,7.4,2026-06-14
V00683,Egypt,Target,Qatar,Final,269.4,1239.2,4.6,2026-06-02
V00684,Jordan,Target,Jordan,Final,780.2,3901.0,5.0,2026-06-22
V00685,Bahrain,Target,Morocco,Round of 16,463.1,2269.2,4.9,2026-06-17
V00686,Saudi Arabia,Target,Jordan,Group Stage,200.9,462.1,2.3,2026-06-27
V00687,Egypt,Target,Jordan,Group Stage,292.0,992.8,3.4,2026-06-04
V00688,Egypt,Target,Argentina,Quarter Final,466.1,1911.0,4.1,2026-06-03
V00689,UAE,Target,UAE,Final,730.3,6864.8,9.4,2026-06-17
V00690,Egypt,Target,Qatar,Semi Final,702.3,3722.2,5.3,2026-06-02
V00691,Qatar,Target,Brazil,Semi Final,287.4,1954.3,6.8,2026-06-05
V00692,UAE,Control,Argentina,Final,806.1,7980.4,9.9,2026-06-30
V00693,Oman,Target,Egypt,Final,795.3,7396.3,9.3,2026-06-02
V00694,Oman,Target,Brazil,Round of 16,423.7,2881.2,6.8,2026-06-03
V00695,Kuwait,Target,Argentina,Semi Final,500.4,2852.3,5.7,2026-06-17
V00696,Oman,Target,Argentina,Quarter Final,365.0,3139.0,8.6,2026-06-12
V00697,Egypt,Target,UAE,Quarter Final,631.8,4233.1,6.7,2026-06-21
V00698,Bahrain,Target,France,Round of 16,223.4,893.6,4.0,2026-06-10
V00699,Kuwait,Control,Egypt,Final,443.0,3233.9,7.3,2026-06-21
V00700,Saudi Arabia,Target,Brazil,Round of 16,343.5,2438.8,7.1,2026-06-21
V00701,UAE,Target,Egypt,Round of 16,368.2,1031.0,2.8,2026-06-08
V00702,Qatar,Target,Morocco,Group Stage,314.9,913.2,2.9,2026-06-02
V00703,UAE,Target,Egypt,Round of 16,459.3,2112.8,4.6,2026-06-26
V00704,Egypt,Target,France,Round of 16,370.5,1593.1,4.3,2026-06-04
V00705,Bahrain,Target,Saudi Arabia,Round of 16,225.0,1012.5,4.5,2026-06-23
V00706,Oman,Control,Senegal,Final,776.0,4656.0,6.0,2026-06-16
V00707,Bahrain,Target,Saudi Arabia,Group Stage,309.8,1270.2,4.1,2026-06-25
V00708,Saudi Arabia,Control,Saudi Arabia,Semi Final,507.7,3300.0,6.5,2026-06-01
V00709,Kuwait,Target,Qatar,Semi Final,722.2,5705.4,7.9,2026-06-19
V00710,UAE,Target,UAE,Quarter Final,456.5,3332.4,7.3,2026-06-13
V00711,Kuwait,Target,Morocco,Final,638.7,6898.0,10.8,2026-06-24
V00712,UAE,Target,France,Final,533.0,4956.9,9.3,2026-06-13
V00713,UAE,Target,Senegal,Semi Final,646.4,3555.2,5.5,2026-06-12
V00714,Oman,Target,Morocco,Round of 16,173.0,674.7,3.9,2026-06-02
V00715,Qatar,Target,Qatar,Quarter Final,280.5,532.9,1.9,2026-06-29
V00716,Bahrain,Target,Senegal,Round of 16,401.9,1808.5,4.5,2026-06-26
V00717,Oman,Target,Morocco,Quarter Final,528.4,4385.7,8.3,2026-06-08
V00718,UAE,Target,France,Semi Final,601.0,6611.0,11.0,2026-06-09
V00719,Bahrain,Target,France,Final,463.3,4355.0,9.4,2026-06-13
V00720,Egypt,Target,UAE,Final,731.7,8487.7,11.6,2026-06-24
V00721,Egypt,Target,Morocco,Quarter Final,417.3,2420.3,5.8,2026-06-23
V00722,UAE,Target,Egypt,Semi Final,690.1,4209.6,6.1,2026-06-02
V00723,Jordan,Target,Egypt,Final,754.4,7694.9,10.2,2026-06-09
V00724,Oman,Target,Qatar,Group Stage,330.1,1419.4,4.3,2026-06-13
V00725,Saudi Arabia,Control,Argentina,Quarter Final,303.7,820.0,2.7,2026-06-17
V00726,Jordan,Control,Argentina,Quarter Final,245.9,811.5,3.3,2026-06-30
V00727,Qatar,Target,Morocco,Group Stage,270.3,1811.0,6.7,2026-06-12
V00728,UAE,Target,France,Group Stage,408.1,1387.5,3.4,2026-06-07
V00729,Kuwait,Target,Qatar,Group Stage,310.0,1178.0,3.8,2026-06-12
V00730,Kuwait,Target,Egypt,Semi Final,718.0,6174.8,8.6,2026-06-30
V00731,UAE,Target,Qatar,Final,815.3,4402.6,5.4,2026-06-02
V00732,Bahrain,Target,Egypt,Group Stage,346.2,1488.7,4.3,2026-06-14
V00733,Oman,Target,Egypt,Group Stage,180.2,919.0,5.1,2026-06-04
V00734,Egypt,Target,Brazil,Final,540.2,5618.1,10.4,2026-06-23
V00735,Saudi Arabia,Target,Egypt,Final,534.5,5238.1,9.8,2026-06-08
V00736,Kuwait,Target,Qatar,Final,871.3,5402.1,6.2,2026-06-28
V00737,Jordan,Control,Qatar,Final,410.8,2259.4,5.5,2026-06-11
V00738,UAE,Target,UAE,Group Stage,324.4,713.7,2.2,2026-06-29
V00739,UAE,Target,UAE,Semi Final,819.8,2705.3,3.3,2026-06-23
V00740,Qatar,Target,Senegal,Group Stage,337.2,1652.3,4.9,2026-06-12
V00741,Jordan,Target,Qatar,Final,600.2,5821.9,9.7,2026-06-02
V00742,Egypt,Target,Argentina,Final,401.8,4660.9,11.6,2026-06-02
V00743,Bahrain,Target,UAE,Quarter Final,574.5,2585.2,4.5,2026-06-30
V00744,Saudi Arabia,Target,Brazil,Final,801.4,4327.6,5.4,2026-06-29
V00745,Egypt,Target,Morocco,Semi Final,532.0,3883.6,7.3,2026-06-20
V00746,Oman,Target,Senegal,Semi Final,710.9,5758.3,8.1,2026-06-23
V00747,Jordan,Control,Egypt,Quarter Final,378.1,2041.7,5.4,2026-06-09
V00748,UAE,Target,France,Round of 16,396.3,1664.5,4.2,2026-06-24
V00749,Egypt,Target,UAE,Group Stage,378.2,1701.9,4.5,2026-06-09
V00750,Qatar,Target,France,Quarter Final,600.6,6666.7,11.1,2026-06-08
V00751,Kuwait,Target,Brazil,Quarter Final,371.1,2300.8,6.2,2026-06-22
V00752,Bahrain,Target,Jordan,Semi Final,592.7,4089.6,6.9,2026-06-10
V00753,Oman,Target,Brazil,Final,542.3,3796.1,7.0,2026-06-10
V00754,Qatar,Target,Jordan,Group Stage,239.6,575.0,2.4,2026-06-13
V00755,UAE,Target,Morocco,Group Stage,231.7,648.8,2.8,2026-06-24
V00756,Qatar,Target,Egypt,Round of 16,203.8,1100.5,5.4,2026-06-14
V00757,Qatar,Target,Brazil,Quarter Final,432.3,3458.4,8.0,2026-06-27
V00758,UAE,Target,France,Round of 16,363.2,1634.4,4.5,2026-06-26
V00759,Jordan,Target,Egypt,Quarter Final,551.0,3526.4,6.4,2026-06-09
V00760,Bahrain,Target,UAE,Final,475.0,3515.0,7.4,2026-06-12
V00761,UAE,Control,France,Semi Final,252.4,1564.9,6.2,2026-06-25
V00762,Kuwait,Control,Egypt,Quarter Final,347.8,2260.7,6.5,2026-06-05
V00763,Kuwait,Target,Argentina,Quarter Final,471.9,4813.4,10.2,2026-06-06
V00764,Kuwait,Target,Argentina,Group Stage,307.7,1661.6,5.4,2026-06-14
V00765,Jordan,Target,Jordan,Final,895.7,9225.7,10.3,2026-06-15
V00766,UAE,Control,France,Round of 16,480.8,1682.8,3.5,2026-06-05
V00767,Oman,Target,UAE,Quarter Final,434.2,1476.3,3.4,2026-06-14
V00768,Bahrain,Target,France,Final,445.7,2852.5,6.4,2026-06-23
V00769,Saudi Arabia,Control,Senegal,Final,810.3,6401.4,7.9,2026-06-03
V00770,Saudi Arabia,Control,Qatar,Final,481.0,5916.3,12.3,2026-06-04
V00771,Kuwait,Target,Jordan,Semi Final,429.4,3177.6,7.4,2026-06-24
V00772,Bahrain,Control,Morocco,Semi Final,307.2,1658.9,5.4,2026-06-06
V00773,Egypt,Target,Qatar,Quarter Final,309.9,1332.6,4.3,2026-06-01
V00774,Jordan,Target,Saudi Arabia,Quarter Final,500.1,2200.4,4.4,2026-06-08
V00775,Oman,Target,Saudi Arabia,Round of 16,426.5,1066.2,2.5,2026-06-18
V00776,Bahrain,Target,France,Final,695.1,6951.0,10.0,2026-06-02
V00777,Qatar,Target,Qatar,Final,500.8,6310.1,12.6,2026-06-25
V00778,Bahrain,Control,UAE,Final,542.0,3360.4,6.2,2026-06-17
V00779,Jordan,Target,Senegal,Final,753.5,4144.2,5.5,2026-06-08
V00780,Saudi Arabia,Target,Morocco,Group Stage,281.6,422.4,1.5,2026-06-13
V00781,Kuwait,Target,Brazil,Round of 16,494.3,2619.8,5.3,2026-06-05
V00782,Oman,Target,France,Semi Final,511.5,3222.4,6.3,2026-06-05
V00783,Saudi Arabia,Control,Senegal,Round of 16,268.7,1504.7,5.6,2026-06-13
V00784,Bahrain,Target,Qatar,Round of 16,438.1,2190.5,5.0,2026-06-12
V00785,Oman,Target,Morocco,Semi Final,439.8,1671.2,3.8,2026-06-27
V00786,UAE,Control,UAE,Quarter Final,478.6,1340.1,2.8,2026-06-14
V00787,Qatar,Target,Senegal,Semi Final,312.1,2153.5,6.9,2026-06-18
V00788,Oman,Control,UAE,Semi Final,713.2,3209.4,4.5,2026-06-21
V00789,Egypt,Control,France,Quarter Final,401.1,2286.3,5.7,2026-06-26
V00790,Jordan,Control,Saudi Arabia,Round of 16,182.7,657.7,3.6,2026-06-09
V00791,Qatar,Target,Argentina,Semi Final,487.9,3512.9,7.2,2026-06-10
V00792,UAE,Target,Argentina,Round of 16,336.1,1243.6,3.7,2026-06-02
V00793,Saudi Arabia,Target,UAE,Group Stage,297.4,803.0,2.7,2026-06-08
V00794,Jordan,Target,Jordan,Round of 16,106.4,478.8,4.5,2026-06-12
V00795,Egypt,Target,Egypt,Round of 16,398.3,1872.0,4.7,2026-06-21
V00796,Saudi Arabia,Control,Saudi Arabia,Quarter Final,126.2,580.5,4.6,2026-06-02
V00797,Egypt,Control,Brazil,Quarter Final,384.5,1499.5,3.9,2026-06-17
V00798,Bahrain,Control,Morocco,Group Stage,109.3,229.5,2.1,2026-06-15
V00799,Jordan,Target,Morocco,Quarter Final,429.9,1547.6,3.6,2026-06-21
V00800,Bahrain,Target,Saudi Arabia,Quarter Final,408.8,1267.3,3.1,2026-06-28
V00801,Bahrain,Target,Egypt,Final,735.7,6179.9,8.4,2026-06-20
V00802,Kuwait,Target,Brazil,Group Stage,261.4,1124.0,4.3,2026-06-24
V00803,Qatar,Target,Egypt,Semi Final,387.8,2986.1,7.7,2026-06-16
V00804,Egypt,Target,Senegal,Round of 16,366.7,1540.1,4.2,2026-06-29
V00805,UAE,Target,Senegal,Group Stage,278.5,1253.2,4.5,2026-06-19
V00806,UAE,Target,France,Quarter Final,562.4,4724.2,8.4,2026-06-01
V00807,Egypt,Target,UAE,Quarter Final,723.8,6586.6,9.1,2026-06-30
V00808,Egypt,Target,Argentina,Round of 16,543.7,543.7,1,2026-06-23
V00809,Bahrain,Target,Argentina,Semi Final,553.9,5206.7,9.4,2026-06-03
V00810,Egypt,Target,Jordan,Final,574.2,5569.7,9.7,2026-06-11
V00811,UAE,Target,Brazil,Final,608.6,3286.4,5.4,2026-06-18
V00812,Kuwait,Target,Brazil,Final,807.6,8318.3,10.3,2026-06-26
V00813,UAE,Control,France,Semi Final,316.9,2820.4,8.9,2026-06-04
V00814,Bahrain,Target,Brazil,Round of 16,411.7,2511.4,6.1,2026-06-10
V00815,UAE,Target,Saudi Arabia,Group Stage,444.8,1556.8,3.5,2026-06-13
V00816,Egypt,Target,Brazil,Round of 16,359.3,2227.7,6.2,2026-06-19
V00817,Oman,Target,Qatar,Group Stage,326.0,652.0,2.0,2026-06-11
V00818,Qatar,Target,Qatar,Quarter Final,522.8,3136.8,6.0,2026-06-08
V00819,UAE,Target,Jordan,Quarter Final,427.7,2694.5,6.3,2026-06-07
V00820,Saudi Arabia,Control,UAE,Group Stage,138.6,388.1,2.8,2026-06-02
V00821,Bahrain,Target,France,Quarter Final,393.7,1929.1,4.9,2026-06-23
V00822,Bahrain,Target,UAE,Quarter Final,594.8,3687.8,6.2,2026-06-06
V00823,UAE,Target,Brazil,Final,603.9,6159.8,10.2,2026-06-30
V00824,UAE,Target,Morocco,Semi Final,703.4,4431.4,6.3,2026-06-29
V00825,Qatar,Target,UAE,Round of 16,388.5,1592.8,4.1,2026-06-17
V00826,Qatar,Target,Morocco,Semi Final,379.1,3904.7,10.3,2026-06-27
V00827,Bahrain,Control,Saudi Arabia,Final,541.7,4441.9,8.2,2026-06-03
V00828,Saudi Arabia,Target,Brazil,Round of 16,501.9,3864.6,7.7,2026-06-21
V00829,Kuwait,Target,Egypt,Final,550.9,3966.5,7.2,2026-06-02
V00830,Oman,Control,UAE,Final,357.1,3071.1,8.6,2026-06-18
V00831,Oman,Control,Egypt,Final,381.9,2978.8,7.8,2026-06-02
V00832,Kuwait,Target,France,Group Stage,279.0,892.8,3.2,2026-06-01
V00833,Bahrain,Target,France,Group Stage,347.0,1977.9,5.7,2026-06-26
V00834,Kuwait,Control,Argentina,Quarter Final,154.2,817.3,5.3,2026-06-11
V00835,Saudi Arabia,Target,Saudi Arabia,Quarter Final,633.9,2662.4,4.2,2026-06-11
V00836,Bahrain,Target,UAE,Round of 16,567.1,3459.3,6.1,2026-06-14
V00837,Qatar,Target,France,Semi Final,196.3,1315.2,6.7,2026-06-12
V00838,Bahrain,Target,Brazil,Final,643.3,5210.7,8.1,2026-06-14
V00839,Qatar,Control,Egypt,Final,513.6,3287.0,6.4,2026-06-07
V00840,Bahrain,Target,UAE,Semi Final,629.4,3839.3,6.1,2026-06-03
V00841,Saudi Arabia,Target,Saudi Arabia,Round of 16,298.4,2327.5,7.8,2026-06-17
V00842,Kuwait,Target,France,Round of 16,478.7,2106.3,4.4,2026-06-25
V00843,UAE,Target,Brazil,Group Stage,336.2,1210.3,3.6,2026-06-19
V00844,Kuwait,Control,Senegal,Semi Final,437.9,2627.4,6.0,2026-06-05
V00845,Bahrain,Target,France,Quarter Final,585.3,2165.6,3.7,2026-06-24
V00846,Bahrain,Control,Jordan,Semi Final,422.0,1688.0,4.0,2026-06-22
V00847,Qatar,Control,Egypt,Final,763.0,3204.6,4.2,2026-06-04
V00848,Egypt,Target,Jordan,Round of 16,585.6,3337.9,5.7,2026-06-24
V00849,Jordan,Target,Senegal,Semi Final,720.7,3963.9,5.5,2026-06-13
V00850,Jordan,Target,France,Round of 16,275.0,1347.5,4.9,2026-06-19
V00851,Oman,Target,Morocco,Round of 16,354.2,1983.5,5.6,2026-06-12
V00852,Kuwait,Target,Egypt,Final,566.1,3056.9,5.4,2026-06-09
V00853,UAE,Control,Morocco,Quarter Final,508.2,2236.1,4.4,2026-06-14
V00854,Oman,Target,Morocco,Group Stage,306.9,644.5,2.1,2026-06-09
V00855,Bahrain,Target,Jordan,Group Stage,295.4,561.3,1.9,2026-06-20
V00856,Bahrain,Target,Brazil,Semi Final,604.8,5987.5,9.9,2026-06-07
V00857,Kuwait,Target,Egypt,Group Stage,304.9,762.2,2.5,2026-06-25
V00858,Kuwait,Target,Egypt,Round of 16,422.5,2028.0,4.8,2026-06-26
V00859,Egypt,Target,Brazil,Round of 16,239.5,1269.3,5.3,2026-06-25
V00860,Jordan,Target,Saudi Arabia,Group Stage,370.6,518.8,1.4,2026-06-26
V00861,Egypt,Target,UAE,Final,928.8,7430.4,8.0,2026-06-24
V00862,Egypt,Target,France,Semi Final,309.0,2811.9,9.1,2026-06-09
V00863,Jordan,Target,Saudi Arabia,Quarter Final,446.9,3307.1,7.4,2026-06-14
V00864,Oman,Control,Senegal,Round of 16,249.4,823.0,3.3,2026-06-30
V00865,Jordan,Target,Morocco,Group Stage,248.1,918.0,3.7,2026-06-14
V00866,Oman,Target,Egypt,Final,647.4,6215.0,9.6,2026-06-12
V00867,Kuwait,Target,Qatar,Final,625.3,5377.6,8.6,2026-06-11
V00868,Qatar,Target,Egypt,Semi Final,640.2,5505.7,8.6,2026-06-16
V00869,Jordan,Target,Senegal,Group Stage,192.6,886.0,4.6,2026-06-27
V00870,Kuwait,Target,Brazil,Final,773.7,5415.9,7.0,2026-06-12
V00871,UAE,Target,UAE,Quarter Final,575.2,3911.4,6.8,2026-06-22
V00872,UAE,Target,UAE,Final,433.3,3119.8,7.2,2026-06-25
V00873,Kuwait,Target,Argentina,Quarter Final,319.5,2108.7,6.6,2026-06-29
V00874,Saudi Arabia,Target,Jordan,Quarter Final,408.6,3636.5,8.9,2026-06-21
V00875,Jordan,Target,Senegal,Final,409.4,3602.7,8.8,2026-06-19
V00876,Qatar,Control,Saudi Arabia,Final,503.2,4478.5,8.9,2026-06-23
V00877,Egypt,Target,Morocco,Quarter Final,493.3,4637.0,9.4,2026-06-22
V00878,Saudi Arabia,Target,Jordan,Quarter Final,219.3,1557.0,7.1,2026-06-09
V00879,Egypt,Target,UAE,Final,562.7,4783.0,8.5,2026-06-17
V00880,Kuwait,Target,Morocco,Round of 16,299.8,2038.6,6.8,2026-06-04
V00881,Bahrain,Target,Jordan,Semi Final,548.9,6202.6,11.3,2026-06-18
V00882,Kuwait,Control,Jordan,Final,810.3,5429.0,6.7,2026-06-27
V00883,Kuwait,Target,Brazil,Quarter Final,514.9,2368.5,4.6,2026-06-13
V00884,Saudi Arabia,Target,France,Quarter Final,384.9,1924.5,5.0,2026-06-07
V00885,Jordan,Target,UAE,Group Stage,238.3,1048.5,4.4,2026-06-15
V00886,UAE,Target,Argentina,Final,324.7,2662.5,8.2,2026-06-10
V00887,UAE,Target,Jordan,Final,622.7,5604.3,9.0,2026-06-10
V00888,Kuwait,Target,Senegal,Group Stage,303.5,1183.6,3.9,2026-06-01
V00889,UAE,Target,Brazil,Group Stage,250.3,926.1,3.7,2026-06-13
V00890,Oman,Target,UAE,Final,873.9,7428.1,8.5,2026-06-17
V00891,Kuwait,Target,Morocco,Semi Final,643.0,4050.9,6.3,2026-06-26
V00892,Egypt,Target,Brazil,Semi Final,315.0,2488.5,7.9,2026-06-14
V00893,Oman,Control,Jordan,Quarter Final,280.5,589.1,2.1,2026-06-05
V00894,Qatar,Target,Qatar,Quarter Final,487.4,536.1,1.1,2026-06-04
V00895,Egypt,Target,Morocco,Quarter Final,561.6,4605.1,8.2,2026-06-16
V00896,Jordan,Control,Qatar,Semi Final,232.1,1555.1,6.7,2026-06-25
V00897,Bahrain,Target,Morocco,Quarter Final,444.8,2891.2,6.5,2026-06-29
V00898,Saudi Arabia,Target,Argentina,Round of 16,424.1,975.4,2.3,2026-06-27
V00899,Qatar,Target,Saudi Arabia,Final,732.3,10398.7,14.2,2026-06-14
V00900,Egypt,Control,Argentina,Final,776.3,3415.7,4.4,2026-06-17
V00901,Bahrain,Target,Brazil,Group Stage,295.6,1152.8,3.9,2026-06-26
V00902,Qatar,Target,Egypt,Quarter Final,558.5,1787.2,3.2,2026-06-16
V00903,Qatar,Control,Brazil,Quarter Final,188.8,1227.2,6.5,2026-06-21
V00904,Jordan,Target,Jordan,Round of 16,419.9,2855.3,6.8,2026-06-03
V00905,UAE,Target,France,Quarter Final,556.8,3953.3,7.1,2026-06-01
V00906,Kuwait,Target,Qatar,Final,681.1,3473.6,5.1,2026-06-15
V00907,Bahrain,Target,Morocco,Final,649.8,3703.9,5.7,2026-06-13
V00908,Qatar,Target,Morocco,Quarter Final,383.3,1763.2,4.6,2026-06-02
V00909,UAE,Target,Argentina,Round of 16,133.6,481.0,3.6,2026-06-16
V00910,Bahrain,Control,Argentina,Semi Final,658.9,3953.4,6.0,2026-06-16
V00911,Bahrain,Target,France,Round of 16,403.9,1373.3,3.4,2026-06-16
V00912,Bahrain,Target,Morocco,Semi Final,526.2,4104.4,7.8,2026-06-17
V00913,Bahrain,Target,UAE,Group Stage,129.7,466.9,3.6,2026-06-27
V00914,Qatar,Target,UAE,Quarter Final,475.6,2140.2,4.5,2026-06-19
V00915,UAE,Target,Jordan,Round of 16,372.9,1678.0,4.5,2026-06-26
V00916,Saudi Arabia,Control,Argentina,Group Stage,241.4,844.9,3.5,2026-06-23
V00917,Oman,Target,Morocco,Final,954.4,9257.7,9.7,2026-06-13
V00918,Qatar,Target,Argentina,Group Stage,257.5,1107.2,4.3,2026-06-03
V00919,Egypt,Target,Senegal,Round of 16,362.1,1376.0,3.8,2026-06-05
V00920,Qatar,Target,Brazil,Group Stage,188.0,601.6,3.2,2026-06-01
V00921,Qatar,Control,Brazil,Round of 16,389.8,3040.4,7.8,2026-06-27
V00922,Jordan,Target,Brazil,Group Stage,341.1,1398.5,4.1,2026-06-28
V00923,UAE,Target,Jordan,Quarter Final,404.9,2753.3,6.8,2026-06-01
V00924,Qatar,Target,UAE,Group Stage,369.9,998.7,2.7,2026-06-07
V00925,UAE,Target,Jordan,Final,843.8,6244.1,7.4,2026-06-30
V00926,Egypt,Target,Brazil,Semi Final,753.6,7762.1,10.3,2026-06-01
V00927,Egypt,Target,Senegal,Final,575.5,4546.4,7.9,2026-06-09
V00928,Bahrain,Target,Morocco,Semi Final,561.6,6570.7,11.7,2026-06-19
V00929,Kuwait,Target,Argentina,Semi Final,474.8,3418.6,7.2,2026-06-13
V00930,Oman,Target,Senegal,Group Stage,335.5,1409.1,4.2,2026-06-21
V00931,Oman,Target,Qatar,Group Stage,214.0,556.4,2.6,2026-06-06
V00932,Jordan,Target,Senegal,Semi Final,412.1,4739.2,11.5,2026-06-28
V00933,Kuwait,Target,Saudi Arabia,Quarter Final,205.1,1046.0,5.1,2026-06-23
V00934,Oman,Target,Qatar,Group Stage,46.1,142.9,3.1,2026-06-28
V00935,Jordan,Target,Saudi Arabia,Semi Final,317.6,1461.0,4.6,2026-06-19
V00936,Jordan,Control,Senegal,Group Stage,263.1,763.0,2.9,2026-06-13
V00937,Jordan,Control,Jordan,Quarter Final,294.0,823.2,2.8,2026-06-19
V00938,Oman,Target,Senegal,Final,645.4,8067.5,12.5,2026-06-01
V00939,Egypt,Target,Brazil,Final,615.1,7381.2,12.0,2026-06-14
V00940,Saudi Arabia,Control,Senegal,Final,509.3,2393.7,4.7,2026-06-28
V00941,Bahrain,Target,France,Round of 16,531.6,2073.2,3.9,2026-06-28
V00942,Oman,Control,Argentina,Semi Final,304.9,1128.1,3.7,2026-06-19
V00943,Bahrain,Target,Qatar,Semi Final,466.5,3685.4,7.9,2026-06-15
V00944,UAE,Target,Morocco,Group Stage,451.6,1309.6,2.9,2026-06-18
V00945,Bahrain,Target,Saudi Arabia,Semi Final,241.3,1399.5,5.8,2026-06-06
V00946,Egypt,Target,Qatar,Group Stage,302.4,846.7,2.8,2026-06-09
V00947,Bahrain,Target,Senegal,Group Stage,374.4,524.2,1.4,2026-06-09
V00948,Egypt,Target,Saudi Arabia,Semi Final,347.7,1738.5,5.0,2026-06-29
V00949,Bahrain,Target,Egypt,Final,573.7,5564.9,9.7,2026-06-27
V00950,Saudi Arabia,Target,Senegal,Quarter Final,453.0,4348.8,9.6,2026-06-16
V00951,Kuwait,Target,Morocco,Final,424.0,1950.4,4.6,2026-06-06
V00952,Kuwait,Target,UAE,Round of 16,339.5,1663.6,4.9,2026-06-25
V00953,Jordan,Control,Jordan,Quarter Final,426.8,1195.0,2.8,2026-06-18
V00954,Oman,Target,Saudi Arabia,Round of 16,577.6,3003.5,5.2,2026-06-08
V00955,UAE,Control,Saudi Arabia,Group Stage,131.1,209.8,1.6,2026-06-14
V00956,Egypt,Control,Brazil,Round of 16,182.8,566.7,3.1,2026-06-30
V00957,Oman,Target,Morocco,Quarter Final,535.1,1605.3,3.0,2026-06-06
V00958,UAE,Target,Brazil,Semi Final,461.7,3601.3,7.8,2026-06-06
V00959,Saudi Arabia,Target,Saudi Arabia,Quarter Final,489.8,2987.8,6.1,2026-06-22
V00960,UAE,Target,Saudi Arabia,Round of 16,307.9,739.0,2.4,2026-06-24
V00961,Oman,Target,Jordan,Quarter Final,548.0,3397.6,6.2,2026-06-28
V00962,UAE,Target,UAE,Semi Final,263.2,2632.0,10.0,2026-06-25
V00963,UAE,Target,Senegal,Final,523.0,4497.8,8.6,2026-06-24
V00964,Bahrain,Target,France,Quarter Final,448.5,3543.2,7.9,2026-06-01
V00965,Kuwait,Target,Argentina,Round of 16,470.6,1694.2,3.6,2026-06-21
V00966,Saudi Arabia,Target,Morocco,Quarter Final,254.5,2519.6,9.9,2026-06-16
V00967,UAE,Target,France,Quarter Final,406.4,2235.2,5.5,2026-06-12
V00968,Saudi Arabia,Target,Brazil,Semi Final,121.7,924.9,7.6,2026-06-01
V00969,Qatar,Target,Brazil,Round of 16,523.9,3195.8,6.1,2026-06-12
V00970,Qatar,Target,Egypt,Final,582.1,5064.3,8.7,2026-06-07
V00971,Oman,Target,France,Round of 16,331.1,1622.4,4.9,2026-06-30
V00972,Kuwait,Control,Morocco,Group Stage,179.0,537.0,3.0,2026-06-10
V00973,Qatar,Control,Argentina,Quarter Final,436.1,1133.9,2.6,2026-06-26
V00974,Jordan,Control,UAE,Final,613.4,1226.8,2.0,2026-06-05
V00975,Kuwait,Target,France,Final,604.8,5745.6,9.5,2026-06-26
V00976,Oman,Target,Qatar,Semi Final,463.3,2316.5,5.0,2026-06-10
V00977,Egypt,Target,Qatar,Quarter Final,564.0,2256.0,4.0,2026-06-20
V00978,Bahrain,Target,Morocco,Quarter Final,674.9,2699.6,4.0,2026-06-17
V00979,Saudi Arabia,Control,Brazil,Final,738.8,5245.5,7.1,2026-06-01
V00980,Jordan,Target,Argentina,Final,942.7,3205.2,3.4,2026-06-19
V00981,Jordan,Target,Morocco,Semi Final,482.5,2123.0,4.4,2026-06-29
V00982,Qatar,Target,Egypt,Round of 16,299.6,1827.6,6.1,2026-06-26
V00983,Egypt,Target,Morocco,Quarter Final,559.9,2463.6,4.4,2026-06-11
V00984,Qatar,Target,Morocco,Group Stage,266.6,773.1,2.9,2026-06-03
V00985,Jordan,Target,Jordan,Semi Final,321.1,1798.2,5.6,2026-06-17
V00986,Jordan,Target,Brazil,Round of 16,390.2,2575.3,6.6,2026-06-15
V00987,Jordan,Target,Brazil,Final,445.7,2094.8,4.7,2026-06-11
V00988,Bahrain,Target,Argentina,Semi Final,541.6,3682.9,6.8,2026-06-01
V00989,Qatar,Target,Egypt,Quarter Final,232.6,1418.9,6.1,2026-06-24
V00990,Egypt,Target,Brazil,Group Stage,177.5,514.8,2.9,2026-06-27
V00991,Oman,Target,UAE,Quarter Final,519.3,4310.2,8.3,2026-06-11
V00992,Kuwait,Target,Saudi Arabia,Quarter Final,487.9,3610.5,7.4,2026-06-05
V00993,Saudi Arabia,Target,Argentina,Quarter Final,499.4,2397.1,4.8,2026-06-10
V00994,Egypt,Target,Senegal,Final,733.3,6673.0,9.1,2026-06-19
V00995,Qatar,Target,Jordan,Round of 16,223.6,1050.9,4.7,2026-06-08
V00996,UAE,Control,Qatar,Group Stage,263.3,658.2,2.5,2026-06-27
V00997,Egypt,Target,Qatar,Semi Final,401.2,4774.3,11.9,2026-06-30
V00998,Jordan,Target,Brazil,Final,425.0,4377.5,10.3,2026-06-08
V00999,Kuwait,Target,Morocco,Semi Final,601.5,4270.6,7.1,2026-06-01
V01000,Oman,Target,Jordan,Quarter Final,310.0,2976.0,9.6,2026-06-09
